banned_addresses,ban_time,tx
0xc8a65fadf0e0ddaf421f28feab69bf6e2e589963,10/08/21 13:40,https://etherscan.io/tx/0x023343f2d09b97f4db3eab702f3e8578d2af869a75dbc97ab5d971d7eac42fd2
0xe16ea22554b5a99457abfbb79bdc18e3221a00a0,05/08/21 16:28,https://etherscan.io/tx/0x6250833e015dfc04449137b186dfbfffcafb8411f5a79a3be0dd2547cde75de6
0x881d40237659c251811cec9c364ef91dc08d300c,05/08/21 16:27,https://etherscan.io/tx/0xf678198e4cdb85680daba0bb940645ee230c1544ed09c2615fcd311c6b164e71
0xbca3ab082206c053e9133236fd58b530000eda22,05/08/21 16:25,https://etherscan.io/tx/0x513bda4126638762a2fe6e55f9567312c889bc9dc34f9c76d74b623d937c5988
0x1723eb6c8fb98d2678ed186c48db11bbd12a80eb,05/08/21 16:25,https://etherscan.io/tx/0x6612d8a4f6d8f45ffdb878353a66c40193a8f82f5a0c897319065472cfad0d2c
0xaec82edfdae51ec06407fb459cf7465427f24212,05/08/21 16:11,https://etherscan.io/tx/0x6c91deb46092962fdad5688bc1481f8cc1fbd150b6ced6fc9eb976c863a97c42
0x6f9aeec6e3e74025d5a58a25ef5d6bc4757c9dba,05/08/21 16:11,https://etherscan.io/tx/0x60b26eca9f55816cf42c5ae67c7b836d3325f9b3f5b636e9a21f51880969d1ff
0x48badfa52ec26d335e775e2c9587e023e9990260,05/08/21 16:10,https://etherscan.io/tx/0x935f5afaed90ed1c994dbc8f599a58c60809b9b7d8ab3d7b25124fc7a5b873b0
0x77844fc0be83bb8e88c60b44c1281c5055f5e83a,05/08/21 16:09,https://etherscan.io/tx/0x5d10551280c548fe687b2e0e7804630bbe00bc299523e3996e2847ece3744b87
0xf9e80a5f300944bfedf2816cbe72b1981c6c5ee2,05/08/21 16:09,https://etherscan.io/tx/0x1769452cd6460fbab71edf9b8ec12cc1e8a2709a123b6d67b8f57dab3fbf5383
0x1faf4344beaf9c90f9ed2cd2fdae0128063e6ae5,05/08/21 16:07,https://etherscan.io/tx/0x6c30205ed6eeae635a30651c2358f9e403c5be0dec5e8d1b20f3d43ffea6b5f7
0x11b0cbad1eb39f14d934be986b590f3e663978e6,28/07/21 20:41,https://etherscan.io/tx/0xfe441350d1e7d57b3aec3b41ac8852391e5ac8d5b880e52e9f1d7d465ea78256
0x4e6d4f64f0a72e54f43b148706e85a1a0f7c7b06,28/07/21 17:19,https://etherscan.io/tx/0x4aab7808f615d8bb293fd6b555f761cfeb180460b434f25a26026ecdc8d74091
0x941a9e3b91e1cc015702b897c512d265fae88a9c,23/07/21 14:17,https://etherscan.io/tx/0x15e6f98d8d5b56dfa3977d37f72a9f4265b8d27ef13f52c8c397aef9ac2e1e89
0xcb55cdf44032cfa3e48610749bd60b89fc90dc9d,23/07/21 14:16,https://etherscan.io/tx/0xeb236e2cf608376309faae0169ae3ca530b8c55ddf74b94898981213b7d7b145
0xeda5066780de29d00dfb54581a707ef6f52d8113,13/07/21 18:36,https://etherscan.io/tx/0x683c333ff1ca151e2ed4c3d33ebcbd37843795b775158c6e54160c557650e79d
0xa6424dcbc756427724e9ab24b9ef41524b07d4f5,12/07/21 20:30,https://etherscan.io/tx/0xd1317faa26f02e4558f66a95032bdcd5993a422c8fc75a0cf4ccc278412e8f94
0x4de23f3f0fb3318287378adbde030cf61714b2f3,11/07/21 17:49,https://etherscan.io/tx/0x6e778402b3542b24654ee1ec785295fb8f89d2f72860c24f665b0db894946a7d
0x05b49f435c1eacb0c618b5d13cadad28ad34209a,11/07/21 17:49,https://etherscan.io/tx/0x68cd733939e66374e2d0ee808395039c8de6ba465489e0a6af2009ca2253410b
0xeb963da0ea2d53bfb930edc76f994fca2de7fe5f,11/07/21 17:48,https://etherscan.io/tx/0xf4145938a7fad0f8d0359e97a79e3ffbe08ffbd1e3f8d75c47befcb7c7baf30f
0xd8d2b364ac240297e85c16523ad29b6eb2a56e2b,11/07/21 17:48,https://etherscan.io/tx/0x89bf78881eb1905d6d23e990aaa87a76e644d09672734aa6ad84ad6e7b742a01
0x459ce908b9dd5d430a386f18f49b521bba4920cd,11/07/21 17:48,https://etherscan.io/tx/0x2a12b4986119e606958c259d622d2920480b3eaf4707e0bda7526ed7672da0b7
0xbb821eee8a84b99a1c88c93913b34895c47d9911,08/07/21 10:48,https://etherscan.io/tx/0x41d705913d4238c03b1f19c1b9e9679a007400815b05d679218248b7b159b449
0x024461600cca3b7746ae389088f1d5c06b5e90b5,08/07/21 10:48,https://etherscan.io/tx/0xc4693885b07fd1ac83f6d5117a2e4583c632c7915b9a9a72089463c16ab63e7e
0x0f18647467de7b885fe1bf77a78e12e19c814ad7,23/06/21 16:38,https://etherscan.io/tx/0xbfb81347b0a4b59f87063632e056c2d9c8858097fe23576d3353912af1a587f0
0xe350708b71243ccd55cdd18833cdee5051ee378e,23/06/21 16:38,https://etherscan.io/tx/0x4a97980dba3558d16bbf476484786eb8b2b7fe14a941e1b4faf0ef34ba5a5d96
0xec046b20d26aedcaad476e21f22feb00ca0ced5d,23/06/21 16:37,https://etherscan.io/tx/0x86c1ef1c9645f9716272ac72c681afbfadff7309273e6d7c1e01a1faef763d19
0xf6025dfb3dfeed189d50842dac84dc3939b14b20,23/06/21 16:36,https://etherscan.io/tx/0x206691d35c14670dc7226dc5b0f8256107853c560cb3459ff77a8a4acd2b438a
0x060c676d9bd33d4eb944f3b6c19b3ac9eaa9ef66,23/06/21 16:36,https://etherscan.io/tx/0x598c6ff50b159451850b216b17c465ec856218557a0292684d62cd6539f4670a
0x79f81fcd0d59876b40fbe1a44cf783e150fbc811,23/06/21 16:36,https://etherscan.io/tx/0x216b6aae1c05cd2e19324c91ce5a5ecad1d9143ee88b457f837e6009a72de6f8
0x270e7b73aba8232b2dbfed6b4667b13f8bd868a0,16/06/21 18:05,https://etherscan.io/tx/0xe54d61f5af034b6841d361f205a01834a23a83d11eefe3f742d8473155a2878f
0xf9ac9aa10c2b98e8033030691cc2b37fc10b4342,14/06/21 15:33,https://etherscan.io/tx/0x6362e98c06a4437c4497f53cfea4a2d8f1eec04227bcdf5e0ca4618679258a9d
0x5291da2bd63ca984323877be35135f98ee164117,14/06/21 15:32,https://etherscan.io/tx/0x71c85fa7a572dbac28917534fe18aba4805ab3466856624cec2b741ca5596bf1
0xb0c5f3100a4d9d9532a4cfd68c55f1ae8da987eb,07/06/21 18:47,https://etherscan.io/tx/0xa7c319feb6cf651b15ed9b6f2e9b1b0b75fa1b4bfcd785f14b97230571a4699b
0x9ec2c3add938bdd63fd369afc2800595f69ba00d,07/06/21 16:37,https://etherscan.io/tx/0xadae9188effbdb608fb6e14fdb0dfce198a5ef2e060edcbe9c6ee375b5e282f2
0x735ebe3ed47877a11023b904054a0ffe44e91ab7,07/06/21 16:37,https://etherscan.io/tx/0xd23f198525eca09c657557c32b1ffcd8750dbe30b7fa2f59c45c72870ed3eeb2
0xb78d1edfed9c93d7effd396f95997483f60b869e,07/06/21 16:35,https://etherscan.io/tx/0x49c7064563f8c76dd53a76f31d539d5fb8d2478b1f7a2d50b23f8a51d9285836
0xe8f762f264a2d4f0c6f3b6f0b3c1926a67962b2f,07/06/21 16:20,https://etherscan.io/tx/0xda515e9f2cd0c4709e65aa82605497c3d82068f4d157442dbf654df2e24a546e
0x7a6d37d7637a4ae334a8bec5a3ae414460c4ff5b,07/06/21 15:56,https://etherscan.io/tx/0x787de0c82de2f1b9ddc22766d0bce402098624c66775c8f2c77b840574892243
0x2a4f9e8a8071adf0b6be883644c4f4910c3d1c30,07/06/21 15:47,https://etherscan.io/tx/0xdef66ecf2768e077777d43b176370b33068b3a7f3f66bda81112f50469d42017
0xf6ec8d867a227ff5f84761407da1f85826c17797,07/06/21 15:45,https://etherscan.io/tx/0xa6c171d4c7f763605405e6bdd9784be172e473a194676bc296cf3c9bc550d76b
0x4cd1761af5c771fb4046ed0f6ed39239f466f63b,07/06/21 15:44,https://etherscan.io/tx/0x72a69c83bdf65a0197786d615582695c24560a3a199a55e2a27d6e4d86f28174
0x8e80b88620e0a2395a46a5fa639e19cb0c493974,07/06/21 15:42,https://etherscan.io/tx/0x59cae209b58f8b105c89045b6d9a4d830c0ff490965b647dd40737c0e5a64ce4
0x0f51bb10119727a7e5ea3538074fb341f56b09ad,07/06/21 15:42,https://etherscan.io/tx/0x88392b45dcf6a8acc482b8daa675d40094101b1d6bc24640b0a9d889c9600d48
0xdceebcc35ef57dc33d35895f3940e0b3f68353aa,07/06/21 15:41,https://etherscan.io/tx/0x7e2d2f42be2da4de8ffbeccb777de15f6c06e581280d578de1fe43296cd008b4
0xc6bc4d60f83508c933cafaec515a8f4fa7776ac3,07/06/21 15:40,https://etherscan.io/tx/0x9206b8b62bfb1e52089598580ce87d7cb7e31cedf10d3a0073369d6cbc30561a
0x61b56d3c0cd91e52382600f9014c0634d7d87434,07/06/21 15:39,https://etherscan.io/tx/0xf00e2387f6d06e79a2666ad22be96e3ab4072f0c061d7315a2b03af21c811e7a
0x19bd896186bdc727afa03b8ac8516939d95f9da9,07/06/21 15:38,https://etherscan.io/tx/0x030cc6caa945e9acafe12c6f306b0bfcf03f9fd508cda8dcf8ec30086eb4c3fb
0x657b83a0336561c8f64389a6f5ade675c04b0c3b,07/06/21 15:37,https://etherscan.io/tx/0x2957facb719e8892900340c663f1e07ecc2b01b460a1a7f77e321b6edc3fb739
0x4d195277855c60e09ac8c25dfc95d4768e1f1332,02/06/21 20:59,https://etherscan.io/tx/0x9af20b60ec0a2b6bc6130c04fca34307ff6b19618f1d566bdc9b7bd6be88b394
0xb76978af1d055cb91be91df525f2b0a30ca1d11a,14/05/21 13:46,https://etherscan.io/tx/0x290c99e7b6d30a8ed01a6549580c2edeb745a5a0d0bda4d394cecec578f6ea23
0x96de2b69a47686e34769ffe50f97bd3dfaab2347,12/05/21 11:02,https://etherscan.io/tx/0xe57da24b649dd48e7cc1a5f31d060ffa3e42a81fcfafaa9401137be08fd77ed9
0x9d8da58bfa9df34917958c553c21b134a8395c01,12/05/21 11:02,https://etherscan.io/tx/0xe22ccea908d5ed8e9c307637f174cc443620a1ea4689ef2666fd5c76d79682cc
0x75b3308a9a8904aa2c40cfcb4eaf958700d4b3e6,12/05/21 11:01,https://etherscan.io/tx/0xa52216e88170c9495ae97ceb413c5563ab9b9d3e2e744ccf015afa155225149f
0xd79b37ae5ca33e674b979324ec966c152248d6f5,08/05/21 18:15,https://etherscan.io/tx/0xc583b6ad74ee9847d1b9a57754c107469fa2441183c3b5b202bf884f369c078a
0x8e5540381f9e54cc2ce592253dc1f63d68261ecd,08/05/21 18:14,https://etherscan.io/tx/0xa88935815be2a0795cc468e64d5dc27edf1b9459d5a0dafb347ab5fd2efa1c08
0xc64df3b364857330a0c777ce7771e5f180b41456,08/05/21 18:13,https://etherscan.io/tx/0xcdca2bf4050241ec4a8e5ec2453045c68c1b47f4fd92d64376633b0325d43e96
0xdf57e7b1aa3010850000f878fc8d6a4d1221bca9,08/05/21 18:13,https://etherscan.io/tx/0xcb90a70ec31d874b45c6846e88e5c641973bfc07359788d2fba3d2965c1e3ac2
0xd54a23ca7627fa3a520b83ef4e1efc8c63c4b8f6,08/05/21 18:13,https://etherscan.io/tx/0x1322bab2872694f6d6bf4bc46051d3361ec2a009f8fa3065a5e87e6736300956
0xe0673ad293b32a86634c38f65402bd5f22d2aade,08/05/21 18:12,https://etherscan.io/tx/0x89ef55b2d925175b5c14b47bf9601fbe291f2b325e4ce1a28cf183622662c0ac
0xbf61c98424f7894b72fdeb8eb0672993e087f717,08/05/21 18:12,https://etherscan.io/tx/0xc6e9047fbc0df3d31176950c262c5f05873e3d0a5abdbb5d15429d88d2cbda9e
0xf5a7cf1ef787f09eef1fb75d4a0ab9d651fa1da0,08/05/21 18:11,https://etherscan.io/tx/0x79670976372798787e5d781134a4671cc1eda48ffd9f0a64958529c38ce076c2
0xe9e9afac38e64728f1afbb2b65dec7be7c704c05,08/05/21 18:11,https://etherscan.io/tx/0xd8e88d58e65180aaf56565fd8b270e52843ea94ee31377c4b4b14c48bece7f81
0x70be75aa9df59f9eb52ce1ef4f02e33ef52a6c14,08/05/21 18:10,https://etherscan.io/tx/0x2ab2adeb0a365080f13f9507199c57829767f966848861e6dda52b1dbe84f048
0x93644e2325601c2aab36b5a8145eaac63fd8ecfc,08/05/21 18:10,https://etherscan.io/tx/0xe6fae3973d4c896da87d03482e8c3d3ea66a585aa32202eed09d44bdbaa4baa5
0xd769a14f568b6a200a5b50f51c6e0bde61e76836,08/05/21 18:10,https://etherscan.io/tx/0xe0cf41a7d55c2aa36f21163d59a21a25c31622ab8d68277c51d8e783c0662309
0xb1e22a5b9d7d4163f834b3247afe119122b10175,08/05/21 18:10,https://etherscan.io/tx/0x2f20be0ed344b97e1d916b577b446111335971d5bb1bc6e28e749ab6bc61207a
0x8e4fa3ca996c403f8f5bbafc99c02c4c878d4e05,08/05/21 18:08,https://etherscan.io/tx/0xdb081438ec8072de81b92f30b9d67ac65616f4ab8f5500a2a7010f819fa06fc5
0xe6ed97d28155c52dcf337146548f4d144fb267b3,08/05/21 18:08,https://etherscan.io/tx/0xa35b2fa35abc9722c412931b35e5171b3a90fadcc7b2fafaa793276cb9ed7783
0x18a433b71d4fb79eebfedf20a1eb60c7459132a3,08/05/21 18:07,https://etherscan.io/tx/0x25a6a1135ab4f0cba0a4c7c7a2ee1cff9f1d6737f3ce0f05f67f6d4b1a639721
0x510f22f7f28a82c8ce7a6e3703b4b0809aa9f1c3,08/05/21 18:06,https://etherscan.io/tx/0x1ebb70a5a92b66d4a7016c991d29f05c96c1400a6d591922dbf2a3bf90630d3d
0x90a0a27b53f968879b12cd56cd67d27904ba25a4,08/05/21 18:06,https://etherscan.io/tx/0x02ad83b352720e39178f5179ad080881d050223eb34fab5eaccc8c3d762b70dd
0x9d9f3c80dd99420da1f183aeeca74d93b8c7a08f,08/05/21 18:05,https://etherscan.io/tx/0xa4b59cb94a82e351d0b3f4eaa876f3300543192dd6166746257253651e20696a
0xf2bba03cb436013ceb5bca624ad8a9aa2870a78a,08/05/21 18:04,https://etherscan.io/tx/0x1c66a84aefb21cd1a63b89cb90f771ed4e1859d4bed4837389b5d6f76d732a75
0xb7b86ac74775b8e77f1fc52f9e7759d6d6b01829,08/05/21 18:04,https://etherscan.io/tx/0x7a0ce83a8607a1dada23236920b5bb462e740eb8b297b4d4057d2e221de4e9a6
0x6e2bf7cacc44df65cb97af11548e18d9dd0559c9,08/05/21 18:03,https://etherscan.io/tx/0x40dcd815b738aa6f75346ecde6818c613ea98a331742859ccf68ba89718d64e3
0xca1e057ce2fedd18c3b9323b64710c89eb5c607c,08/05/21 18:03,https://etherscan.io/tx/0x59fa2f46322745f905762007aa614da6d442f8d771d4775fbaf655b97b2c8182
0xc975d1ab6caf6bcba3dd4c5203f74febbef1609f,08/05/21 18:02,https://etherscan.io/tx/0xdecd53e6edd032bcf19a3679af299a4a245274372ab35b2092d107ec9eb98765
0x1ed8fc553dd4159f8475c776811adf7139b6f3bf,08/05/21 18:01,https://etherscan.io/tx/0x32efdda019ed6481a94208a3ec9c19f87a56a86141fcc276784c6fd8f4fde293
0x8269e4f62b9253121579e500204aff5d0c897830,08/05/21 17:19,https://etherscan.io/tx/0x8a124d501fd2ab4ce832e6d3d7edf4022e8c55fac5a3ef523913807b90b10be4
0x9dc2c41ffd47e44e03863e7dee5bf4bf1b415e16,08/05/21 17:18,https://etherscan.io/tx/0xaf018bc43138a1fb2aa688c1eea771bb339ec97ec2324de1ab3b66660471cafa
0x1ddb6557315f58362dba3c37d55eec83023a8ec3,08/05/21 17:17,https://etherscan.io/tx/0x303064434e5ae73dbef734a7c0a7ecc0a2bfce1aa2aa51c92514bf9de6183904
0x707176b584d0ae0c77d3035da8686f8b58cda73b,06/05/21 19:41,https://etherscan.io/tx/0x1fc9979855038ffa561871c7936156e13a6ae52b4e3dfecc0169b5202a54d7bb
0xfae3ff7e05d921c1d48bbe6676ef5c902e32c801,06/05/21 19:40,https://etherscan.io/tx/0x1888853b19cdb9c2285394aceab610cbdd254c7154a7107b2f051f9ce30f1c7a
0xb05686a17ed23360d6bbb37652bc0424b12af5fd,06/05/21 19:40,https://etherscan.io/tx/0xaa745a4776b555ac3e4d7ae82e48aa84226cad0d44dbaba543a72a70f664ceac
0xfc4e7e1a5508636cd54b5e279c4e2b34eb0675ef,04/05/21 18:06,https://etherscan.io/tx/0x4814e4dc9f24f3e920f7adfa7aef01c4ccf75d81d75a0dbf8a0300cf798951fa
0xa7b62f0bca27e9d4187a8f1e4282e564a20ec55a,03/05/21 19:36,https://etherscan.io/tx/0x74e24340d7f1c08716c87532639c5096d4e517131e8658554897d915ff559b7f
0x90a3309f03cfaa13601678f3fdccc4ec94fef6ab,03/05/21 19:35,https://etherscan.io/tx/0x6f223cfe1a849e426dc484bf8d158847ffa2060c28be5001cf84df485517a7ff
0x2b0aaf924e8e0e00c014c3222473df5f58f34323,03/05/21 19:35,https://etherscan.io/tx/0x5db53001838e1a119f1232d0504f22d09c3a945cfe0b4b9b0d2189a4bf661f86
0xfe43306b8182d1c7af3ea39c324ab5bfd1d74ac2,30/04/21 19:22,https://etherscan.io/tx/0xa3992870af7fe585ae3880361f27d18f01072a22445a56f9b3421de78201f763
0xb88d8defad365704722068daf045481f3205cfa6,30/04/21 19:20,https://etherscan.io/tx/0x189d23128272a4960283140d720b511abbe9284bca2787ff0cdfe1c2fdef94d6
0x2295f647854842d3636a369b29bf24622e0cb8d1,30/04/21 19:19,https://etherscan.io/tx/0x51cc775b3ef7bcf9b73a542856572b570dead4d66419695748a58d9cbce7ac4c
0xd9a330f648dc9073a939774d3f7233ed2a2e79f0,30/04/21 19:19,https://etherscan.io/tx/0x8897f0080ca1572dd55fe38b54f3b87413c98e082073894d5f125640ea456221
0x38cbe416e56585425993a38aa8e8ce49e915423f,29/04/21 17:41,https://etherscan.io/tx/0x7b63076d8d2656079f0f4ea330f05c4d583c17b3affc078a18145691af04013a
0x7978042cd0116b48e9833a6b5c08fee283e4ccf7,29/04/21 17:40,https://etherscan.io/tx/0x42ee804aa213396ad2b3b801351168a4dd76d835b125837396d9f88e06d3f1cc
0x470e19aca6ea428489049edeaecdb675c3265f0f,29/04/21 17:39,https://etherscan.io/tx/0x656767086d77c1d84aed28b65ed98378d2e3d98ba6056311a42b02bbeac9479b
0x707176b584d0ae0c77d3035da8686f8b58cda73b,28/04/21 13:41,https://etherscan.io/tx/0x37c2097e14b44c7d4225af26dc6812a0863c7007eb13f1fab1a7005200824036
0xfae3ff7e05d921c1d48bbe6676ef5c902e32c801,28/04/21 13:41,https://etherscan.io/tx/0xc66014a30d2ac558beb333db6ab867a2480852c9d87ede116ef37877b6256c14
0x3ec9ea7c8b37914f86a61eb36e5f1d43185e09ef,28/04/21 08:51,https://etherscan.io/tx/0x353fb6aa97fb808fcc8c7baa43df273cd64d4355b999f5ae1ad744083a422e3d
0x52f6335d6b6fe435f0c0898d8a007b633b7978df,28/04/21 08:51,https://etherscan.io/tx/0x7c19d0bd082bc418059d97aa271509fb6b4f409fd141d76b6e8032f35add1c00
0x14695f3d696bad62bbc7bfc8024317fcab744192,26/04/21 20:02,https://etherscan.io/tx/0xb90dabeb22e3b7fa5ba991eb7a901422d0536a62cc41979a7e08cdfca3319f91
0x95ad9f76655b958b1f7c0553b15355bd7e38cf49,26/04/21 20:01,https://etherscan.io/tx/0x405350797d414f303b2e626b0259d9a4d1f7c7a7b69647291d7bc9a3d7210451
0x9c04faba41138ecaebc14fe9bf5f0ff449be6045,26/04/21 20:01,https://etherscan.io/tx/0x771823c82bdd03437f274942ed8481b1dd9d1971e497eede4ae21ea03a02ebd6
0x83736a07ff573e9bd06aaff4302c58ea756a6072,26/04/21 20:01,https://etherscan.io/tx/0x49811267f2b6c0154d1e0590dfbc440a01f2f9f4cbd1ecdaf48f0362cb705d4b
0xa9b324a17dbd851ecdc543bdf17448a10611ce36,26/04/21 19:59,https://etherscan.io/tx/0x25f8a01ebd73d620d7e1923edbddfbbb0fb812d6ad5be49ddd2cd11622f58bd8
0x8eab734f5639dcde8197e7b8724ea04556d5d69b,26/04/21 14:02,https://etherscan.io/tx/0x2671b2845f445430c1dad7499a092d971f591157de96ea360b3bc88972ee387e
0x37c545dae781c5ee433e81cdbe54401effd111b4,23/04/21 15:55,https://etherscan.io/tx/0xe37b94909d86d65c4204626136987b3777fd4616de3bdd0e02946d0bd72db33f
0xd7c61645a6cf816897272060331b670896370075,08/04/21 09:53,https://etherscan.io/tx/0x3e3bad022cee35a816d0694bc425241c6e296826917723eac9cfc5ed5c3982c1
0x0ab18527970d8f3c5faf22dfe96f4970cc849002,08/04/21 09:53,https://etherscan.io/tx/0xb8f5405aa6761a814a5016631825de1dd85616e874e3264faa28a45914271edf
0x882c244394595c7b26bdeab00ce224f71ffda3a2,29/03/21 20:35,https://etherscan.io/tx/0x933526e67f177fa9fd0e876102d33a54012f58e3a967efd8773eb4312dfc8f62
0x3485fad6dea96f0c6edc86eadfb73e9282f59172,29/03/21 13:42,https://etherscan.io/tx/0x01219971f0dc2a6d82a17fb27064c76026ca5f4e247a03836304c02c843bea05
0x9f1c87c3224dca911f6412fba5865c30647bddb1,23/03/21 21:25,https://etherscan.io/tx/0x4cea7a8271959b4329ad79ba0ed05c489dec3f11d5c5f43b27bd419e10a45518
0x8b47e7daa3c7471f446f6500243be9b59fd57451,17/03/21 19:35,https://etherscan.io/tx/0xce69daf660f84dcf2b222418b7483250798633c76280decf1cd6c1bea50d328d
0x7c73e2eba3d1f73d1d45e4d74168cab6b9ce3964,17/03/21 19:35,https://etherscan.io/tx/0x6f28bcfa6aa0bd93201a1e31262a374f949fcd8eeebb5fda9c461a27fe34895c
0x6fa0952355607dfb2d399138b7fe10eb90f245e4,17/03/21 19:27,https://etherscan.io/tx/0xd058e2e9ae88bc0dc4e7b9414e859fc6061de46997a468f367570e410332e47f
0xea582df503a868b0222da3c849e836b6334e1ef4,17/03/21 19:25,https://etherscan.io/tx/0x5b8b53007674272cbc8ccd8dd48ce3a1653427530bf30e2c31064267affb2e2d
0x000000000000000000000000000000000000129f,17/03/21 19:24,https://etherscan.io/tx/0x5f94d8df3a0b90498538616c5c180cac9da18c25c899f649803fc1801abb63ba
0x47e553546a125b57a4802e75a942fc4d0fe4d524,17/03/21 19:20,https://etherscan.io/tx/0x0ef5da68d67abeb5be2868bf1cdc8c08e88506ef09e91278ed017ecf99440318
0x06c048c2afb355b22b76d73b4ec244a862e7e260,17/03/21 19:19,https://etherscan.io/tx/0x2955fb0bfde98353a92fc2981fd00da5839cb88c65f34a903b98916be7c9feb4
0x4688a8b1f292fdab17e9a90c8bc379dc1dbd8713,17/03/21 19:19,https://etherscan.io/tx/0xd3daf7b285248d361be5a70a4286017c3c8ea1cdc69c23a9a76dc39c01aa41d5
0x6f4617a2b686e722fa7550caec775148c20b8626,17/03/21 19:19,https://etherscan.io/tx/0x4ce240c1092424b3f3c9ba7a1911e4b81445e49c1cd120b739c61a919b1f5f76
0x832970f1bc731d8119bf022072bb1015e3ad87f1,17/03/21 19:17,https://etherscan.io/tx/0xf414d11ed88f1b4d86f69cf09f49b69b3e0a0e376ec762e1f85ced5573675b86
0x55d398326f99059ff775485246999027b3197955,17/03/21 19:17,https://etherscan.io/tx/0x1beefd787cee4dab81595c4bc3fbf3e029287af6b93dea3ea736ba8bd729c3bb
0x97eb195bdae6a3afa19567a68d475c1006c2cbcb,17/03/21 19:16,https://etherscan.io/tx/0x801b9c709f31663e3a56cddd9fa797ea5584adc4e20fbf8dc1ecfb81df06e9d3
0x248f50eab61ad11608fd07fb2188163fd2e0c5c6,17/03/21 19:16,https://etherscan.io/tx/0xe5c660cf163070fc74eca003add633ba19bc211c6a4c054ec25ea091fb9d8d2a
0xe4815ae53b124e7263f08dcdbbb757d41ed658c6,17/03/21 17:15,https://etherscan.io/tx/0x7bc20b2e31b13a3fc7efbf87e2c042cf1f7d5683a4b5dba6895b3e2122f00328
0xb31d374d54ffcfba5330ece49aa50c07380c1948,17/03/21 17:13,https://etherscan.io/tx/0x4c9e4ef0a16232e758e10c8977c75a7b2b76b906b6ccf01b8e69d49336622e50
0x86772b1409b61c639eaac9ba0acfbb6e238e5f83,17/03/21 17:12,https://etherscan.io/tx/0x55ead2a592ab2f0f7dc08b45f49950974280c8915d2b83f035841e8543553a60
0x0bc529c00c6401aef6d220be8c6ea1667f6ad93e,17/03/21 17:10,https://etherscan.io/tx/0xf61bd96a03d49a6dd14e9a19ad1e0b4ec60139acb5f70035ecb92d6a60cbcc25
0x49662eba5ae85c5d2a64c6e59021b5c5831ecff6,17/03/21 16:57,https://etherscan.io/tx/0xb2e69eff4c919aff66f495cc8233ead1e05b48106f631894570bcd0838e0de99
0xa55d142507e1bacd3c18c71a12ecce6aeb36859b,17/03/21 16:57,https://etherscan.io/tx/0x5cdc576ef0f805b95f77f41f76317aff03e72706f7b3437679964037808e2f01
0xba0a72d6c4912e9cf8f4407e7c469e3afae4fb35,17/03/21 16:57,https://etherscan.io/tx/0xaeec554804e21bda0bb771af72c1beb500a591a0d34898b65171348c61f70c54
0xcf376f95384f254db7d91f5ddfcf322c7b9a6bf9,17/03/21 16:37,https://etherscan.io/tx/0xfc938d3fe8dce84a3201aa177046aff2d3cacd02f08286710df869b2eea4b9bc
0x9e7fa8dd15b4b0bade7245d8c9d51a872e324d2c,17/03/21 16:37,https://etherscan.io/tx/0xae40a4eb159c125f1962fb0bcb3a7f3d35e893dfbf88d56adc5d88fc843627d8
0xdc5bbc3ce9abefb91274eda83e1dc934bd6efde5,17/03/21 16:37,https://etherscan.io/tx/0xc07424c8b70d36afc1e6cff2aa3a5b6a11b342c2e6cd6d6b7600c74f625ddc40
0x2dd2eb56cd4cb11ec41d413ccb2957474858db9b,17/03/21 16:37,https://etherscan.io/tx/0xe8a7fcdad1d9cad1bdaed942f0ef91ccc22bc881adda4b50af2921187b3b370e
0x3ef130a38c6719c578747e2eb4fce5a2e887a151,17/03/21 16:36,https://etherscan.io/tx/0x6d82a06dc8e9a6f7aee2328d6a8d6f9688551ad58d30aeacb44a32cb0e9f82c8
0xed65af79c9a6783563cb40a824d51cb2abbef6c2,17/03/21 16:35,https://etherscan.io/tx/0x1d7393441311992715f9adbebcfb0feec9a1d9e1d5b1cb0943ecfaed146cfe82
0x7b8c3644bff1a2407d369b7218aec08de96414e0,17/03/21 16:35,https://etherscan.io/tx/0x87f4302bbff812b415e265a78341c044aa1f6aa96dc8ff885b71e18d501655ae
0x1cac2a92628989a0af7889a82d4deb40b53d1279,17/03/21 16:35,https://etherscan.io/tx/0x111c4c9c58a535ef34531826db623b20395fe7e86367703f757459447559a028
0x0e82e631bfdf5ec6d0389abc56eee40281d98842,17/03/21 16:34,https://etherscan.io/tx/0xdb6a0f4d8a5786ef0a5cc5721070f3c0335b7893b6eeda52753a54e68901f38d
0x6a35326f5cdac8e46c645abcd9cb0731997cc603,17/03/21 16:27,https://etherscan.io/tx/0x09d281705b811314702b23bfb97b83584b6f81e3693a8ff6d3d72cfb83da6d5a
0xe573e321170a5419697b6355cb829dd9200ed248,17/03/21 16:22,https://etherscan.io/tx/0x973289b3c70a4a11f119a04a3513c155aac2ade571ed186df305212d126424c9
0xc7571b79d800ebc979e0bd435790e6b8408002ef,17/03/21 16:19,https://etherscan.io/tx/0x99050a8fbe7d8f3b53fd1c4886d47d88bcc04d693c3d90103cf1cd7ca8dba97b
0xab019806fc72bfdfeee1331798e13e707db020b9,17/03/21 16:19,https://etherscan.io/tx/0x8951972b1c30bf4bbd4de80a63e5de5da2329a2217fae65150db27c128939235
0x8aebed593fddbee769ddd2776ea5bdd2b8ce0bc4,17/03/21 16:11,https://etherscan.io/tx/0xd9522a7e5f42fcd33828ca2e29d0463a3bae2ce7d5f25b0135bcd6038766cd35
0xbd3bd0f937c00486342699c9954df119edb239ae,17/03/21 16:10,https://etherscan.io/tx/0x2b4cb2a3898c0e2f179340850331d7ec022bc3538288d6ea70988c0d2e6366cb
0x53ba94ac472dbec5ad4cb28da03e366f73db45ec,17/03/21 16:08,https://etherscan.io/tx/0x32e321b5ba608e8323a25447ebef3896960b7396a53a6729a5fdf77001acbabb
0x13045d03de74254b0cbb88780ba48cd726764707,17/03/21 16:06,https://etherscan.io/tx/0x504bd49883be977e203104637d3d1540fb7c583c410c8ff5625b4cb4ddb29188
0x686b8b7540a6f8174afb76303719234c8cc2b1dc,17/03/21 16:06,https://etherscan.io/tx/0x51d146e0d9b29bfe8b75de1ff46ea75ca1e51b071701ec219fffa6962a1cd746
0x9cd13942894b6bb7bba1608628d60b5ab91109ba,17/03/21 16:05,https://etherscan.io/tx/0x5e670bf3dde345ab9c6b4d7382d21b2acb09a25a3e0bb1612b82cbb5d300eedb
0x98e2e73b8bebbd693ac1fad90c21a378b27a344b,17/03/21 16:03,https://etherscan.io/tx/0x733afd9c3423d1b07efe6bd17395a46eaf034091d36ec86054124b4527c6f1c6
0x579aec2e6c3d505c38d480490333ba4038cd8abd,17/03/21 16:03,https://etherscan.io/tx/0x006f57b24aaee14eb749441c10869c1c94df7d3844efa684c549df79038d4340
0x3e2a47e085225b0dc123a04fb48dc611766c5855,17/03/21 16:02,https://etherscan.io/tx/0x05b615af1b5939a2d91523bc37b415cf1d31b0cffd2ca8fd59b48cfd95d4520a
0xa15b09facc7de0367604c79f138c6e50efc5e011,17/03/21 16:01,https://etherscan.io/tx/0x5100f7253cf749e57871f8e2d5b6fbdd85302e6ba902c54d61ecbacd83723800
0xaf0f30d580d1ace6e81ab3285786e14d91a118f8,17/03/21 16:00,https://etherscan.io/tx/0xc4797b1c3d2d7dddfc8a7ace0f52dcacad255c3f7a22ce5c4764add99f2d43cf
0x0bf0143b288d7456cfa2abb9c29e538d2de324da,17/03/21 16:00,https://etherscan.io/tx/0x0b9dc111babbc23dea075210a132106787d0c45719d776f980e6c028cbebe84d
0x737f8a1c3558753292735f021d419b180602dd85,17/03/21 15:59,https://etherscan.io/tx/0xb73c07aec7949c5ec264ab7d5d85baa63c7b7112ff5b638aea23e331fa40dd29
0x4787946e27ba984b1f7de57469fba64c859a2a4d,17/03/21 15:58,https://etherscan.io/tx/0x10511a6165518119f37b9891d2d1f6a2e5b523ed3fa173c1a77d4860e50ccc78
0x3602f3a38ebe0077a187bac005c11d93fdc92335,17/03/21 15:58,https://etherscan.io/tx/0xf042f7aa628c1e04d69c7ac39e9de818d990a2f1b94d9dffd83703db5d8cdf7a
0x8c15480b2b67672cf8023f1fed5138f1eb43032b,17/03/21 15:56,https://etherscan.io/tx/0xed4c4b9142ea883139c7708310955fefd1bd7ecba2b2c88548ff97c2eab63b8b
0xac6403c5fa00499f1cce0e97f5d0a66f5def40ea,17/03/21 15:53,https://etherscan.io/tx/0x7dd5273989f10527c7ba68a4c838262b9aa2761065e53fe5ce04450191513b70
0x86aba7b5d13d8013462914ffe5bfeb10a02ee665,17/03/21 15:53,https://etherscan.io/tx/0x3ba66fdd72ed4f666857abcbbc190626d069dc24b15217ec069a7401a99d4429
0xf1c9d8d440d0edee975f6d525d439c4360492884,17/03/21 15:52,https://etherscan.io/tx/0x64b3f10008aa12f34d6a427a3da96f0562a9c4fbc2a0359c544b554414847a15
0xfc2e4db1e01a64384395230d49ac810362895923,17/03/21 15:52,https://etherscan.io/tx/0x7b3232c08c61e097219d3ac64797c4bc0e861a0d4cd713d72461297960b47896
0x8a88ec253662ce5ae2600be6a38c17624d3332ad,17/03/21 15:51,https://etherscan.io/tx/0xae565793a4ea61d9a9d2056fb993e1088321c042127087565212dbffa34069e6
0xe3a0c6d17d629b49297146a7867ed59de17ae8e6,17/03/21 15:50,https://etherscan.io/tx/0xdc78e0ab10b4db7ca108ae57dd075801816914e15fb199f1abc4b54e861b9fcd
0x3b2aca3b9d5f84a5f4a838c3954693ba639a9d88,17/03/21 15:49,https://etherscan.io/tx/0xdd029670c3409d889c977aa9280122ac76498065295aa0ab8c319ad3546d4fc4
0x7bc2326599db178d200d2a7b7ade3938be413770,17/03/21 15:49,https://etherscan.io/tx/0xc156e7612fb9de27bc9ad410e961886af8c81a26782f39d3acf75785b20cd2c8
0xebff9038fc52040272cc17d7a99fc903031d8643,17/03/21 15:48,https://etherscan.io/tx/0x6f38c4de96433f8ce53952d286495bab3eb5f85110d1f183945aa1b8aed6aac5
0x428467c2794bf44d2d542619473934a6c19af6ed,17/03/21 15:46,https://etherscan.io/tx/0xe264de5601c6cbb3c7324473958ed2b255d25fb71cc95ce248490f20874e8940
0xa0786e9009587362250e33c749db29714c7b201c,17/03/21 15:46,https://etherscan.io/tx/0xa3767eebecccf11b99e9af400240d102df4080129e9da13ba585cf9c02acbd15
0x7e7d6cc7e8a376828ce66ae187ac2a43cddf8fa8,17/03/21 15:46,https://etherscan.io/tx/0x78b98b5e28796b65267addb231a99a79d07ed8f905aab86a9a0af512f4251e96
0x8df2a8c10a7ee001d6e4e0d96704eee59e685f12,17/03/21 15:45,https://etherscan.io/tx/0x552e671a975575df34213682914b005d373bdbd683fdd8aeb5d0bd1e73f712e5
0xaad73d4523a41c1eb595683606c10448dc957a82,17/03/21 15:44,https://etherscan.io/tx/0x4e46da18a5dddf492a0648faa4150807a28e2273185c4001fb89608af6665118
0x8b37d9a0eb0ffef19d2082f7c7becc36f4625051,17/03/21 15:44,https://etherscan.io/tx/0xfa436ba95df1674b986d04bc00f3c834386f68a201ec36c98776dd80f973d757
0xa490436844c1e653f1d6cf0959d7eda71da472d8,17/03/21 15:42,https://etherscan.io/tx/0x46a94a919f7864373d7fde8c25ff4e779e605a31acb264b2d29de18ff41449dc
0xed700411613b53911add5a02f0bce9ff51f94a3d,17/03/21 15:42,https://etherscan.io/tx/0x02ea6e29d7e85972f859462f8d725888e050d9e3c83f9c499079462bdb5f0cbc
0x396213452da6b60aca7c487f6c3f2260a99cadfb,17/03/21 15:41,https://etherscan.io/tx/0xe0564d09e4202286107c35d29538361f3ec89a88ad04aaf53b11c03365dc1ea0
0x1dd16a5e2fb1d69529f7a37c4717a77035fc6682,17/03/21 15:40,https://etherscan.io/tx/0x09293e2b7ced95799d43ece07b46e6bb86c59f21681afd36c1980c0e6cf61ee8
0x957126019d0bc1458513b94a341f82902950c6e3,17/03/21 15:40,https://etherscan.io/tx/0x1a2ee266f32e20c00c13d66b8401e2e0705fd5b4bab8223e6af7e88550c592bd
0xda1759909a1136ac562bfe482946fc6458dd8f6e,17/03/21 15:39,https://etherscan.io/tx/0x6efeca9dec822502b57ac8518b5fc125e6d6d9842ed450d82a549be8f652a337
0x575d0149422fe888b18194f106614067fdcc1c2f,17/03/21 15:38,https://etherscan.io/tx/0x662ebe15fdda4d945712104954b06239d0bc43803a3986466fb00e2cfa56a613
0xcf96650e31379c5e415ee23fc0f58ff6c5504b85,17/03/21 15:35,https://etherscan.io/tx/0x205e84af169123acf01bb8a46fedd4745536b641017378dd78e339cb59d9c47e
0xf6182f9b5a485110b80ae1eefcb554fe8975abbe,17/03/21 15:34,https://etherscan.io/tx/0x653256427bf5d90de98e3f8c94de2f3f002e75447e47b91fee80748066f3dc5d
0xdde54bcc6b0a01f9d6481720f3dcc731d6062d64,17/03/21 15:33,https://etherscan.io/tx/0xdd6a5ab7004131ba9baca921f623da1a303bdfc8dbadc3305624144e203e0caa
0xb1192b03b914e31acf917932c148d973f39dc3ac,17/03/21 15:32,https://etherscan.io/tx/0x181dc0c824fa88d86f51a44722303d619a3ede324d03fca3a609992c7f14509f
0x1bcc27cc9314e7851a9ff65f096c6e6a45f8a204,17/03/21 15:31,https://etherscan.io/tx/0x0417312627a3147690c63395c92e10be6ef254e3bd5a155b3d027013750302d5
0x5665b926c0ce90f595231683c29ce17fbf33b459,17/03/21 15:31,https://etherscan.io/tx/0xa7ef6b851caa6bd4727714846f8eac380ea5428d469da8d912e5a80c1ee11f4e
0xae9570eb8d56adb65d6c64eb28771fe300d62a2b,17/03/21 15:31,https://etherscan.io/tx/0x033dbe4112d4cc1f3c0afcd284f8405fa101740fdba4060b22e000acd7dbd3dc
0x0582aa82344b23374d065bd9de9e1a379061f467,17/03/21 15:30,https://etherscan.io/tx/0x76875893fd31be9530142c67676e277b130ee739b66fc0a1ff7e64e02cf641c9
0x4295a1d5b19aa6f9dbe98358944e2f20b9c8d631,17/03/21 15:30,https://etherscan.io/tx/0x223947a0666aee8e078c7cc9abad3c2a7cffb15d52aef90bb799913080bd671e
0x307d6c4256366735328986560e5ff455daaf9229,17/03/21 15:29,https://etherscan.io/tx/0x75248c7a940f2cb5de924bfb4c4bdbbe52e9ec49fda30de2557ffec932887fe0
0x9ad0fe3b1fa00cecd24ed21ce36882bf86d357bf,17/03/21 15:29,https://etherscan.io/tx/0x4cf7b30742dc81afc562843f0c3b8015ec95f5288f680795df0a17f4575a6b75
0x58259c48a2221fb740daee38bd69ff1fba01b6c7,17/03/21 15:28,https://etherscan.io/tx/0xdd23f1be094f913dc3833d1cc983b8b4682f722c506b080245d438808720c4ee
0x59639d3f2df85212c2b317cc10e543082445756d,17/03/21 15:28,https://etherscan.io/tx/0x285449ff46ac43301091b0582ddd986e0117906ee15504aad346799b3083f195
0x17101f2153d55de3344aad88504d28058c4a5c26,17/03/21 15:27,https://etherscan.io/tx/0xa05414b630d53ab56be811f8eaa987f62827e9371f8798c7d7716fec61d95958
0x5e98f0ffef7aafa75d18f24dc7a35171b4d03142,17/03/21 15:26,https://etherscan.io/tx/0xacd0d01289ba317561105418c078343ef4baf467a817c1a117d81f0df5dc492c
0x5952e08ea5b46d89d800471c4e98321b6c6a78f1,17/03/21 15:25,https://etherscan.io/tx/0xc51952ce615809856e616a7e22302f495359e12808bc59483097330cb591382f
0x70ad5cf7fdca10517b0129e0a8fff2ff3233756e,17/03/21 15:25,https://etherscan.io/tx/0x87816f927d13f3ec84ede6eaaa1b43289925b206de2455bd29e3916818c8fb7f
0x60665b420b0fb1d04ef775b3d5dca2228e367377,17/03/21 15:24,https://etherscan.io/tx/0x7dbc24be1ba60be24d8c161f1795c334acc77d1273572b9d595b0f979d73f054
0xf15630eccf1e13508721313ab67422e4897ce008,17/03/21 15:23,https://etherscan.io/tx/0xadaae2e3c52e4e55afca9e67f612195216a0c6054f5a185cc25f64430177ea7b
0x6dd9a2ff7617c07a2bda29b44b1ea22c257ea7a7,17/03/21 15:22,https://etherscan.io/tx/0xbdf543f77a8b76d6beba423bfd60c335ce47b59d78ae37b0ebc96f7eb3b2f9f4
0x94d76d217843b80c56903040ce95cc93c691aa4f,17/03/21 15:22,https://etherscan.io/tx/0x0c6c855d3627ce4cafe13e4822f2976dbcdad25669214441e2b39852f0e51d90
0x61fa37346147117325b92bcafa82d7dc215eed2e,17/03/21 15:21,https://etherscan.io/tx/0x9329a51842c82496117d6d493c0c2cd828423dd681a52bdd504a2ce727a44d8d
0xaad31691c0a725bf847da5a5236e813132933f3c,17/03/21 15:20,https://etherscan.io/tx/0xc9a4a19a99e84f39c15046925d188c45b5cafdb4f3172b52436818188c6e0b5c
0xb95c8faf817c5c9385cec66adbeec4c0127659b2,17/03/21 15:19,https://etherscan.io/tx/0xa0f8fd1e47e917b9c02057d32ceda9647713071ffdcc980f496a15a71a0e661d
0x6566fd32e6440b4268d616479707321851f354df,17/03/21 15:19,https://etherscan.io/tx/0x6cbff13f972d69ef4c8e0f3c56394b7c3f319c5331bb2a05f7c7a21e50f3e376
0x873132bdecf05929305cf562c834114073b9cfa2,17/03/21 15:17,https://etherscan.io/tx/0x71dd8fdf74d6bfa79c8d4629a4772033aeeda76bd6683f6bcd9197437415f218
0xbd2949f67dcdc549c6ebe98696449fa79d988a9f,17/03/21 15:16,https://etherscan.io/tx/0xa91670daf54c72690272b3b67c402f19c0aedc2a13e70bceac9b834525d1ca69
0x6fe56c0bcdd471359019fcbc48863d6c3e9d4f41,17/03/21 15:16,https://etherscan.io/tx/0x264f2723a8d802a29c3800dbb5a2f4461935aa0d19de9f176d023d13305ad361
0x2b591e99afe9f32eaa6214f7b7629768c40eeb39,17/03/21 15:14,https://etherscan.io/tx/0xe4f6c77942e64873660a86df34374b19ae2a091fe0948da136add2a3e8dfdc43
0xb3273dd8b99884bc3b37844df44f6a2575d2b8d1,17/03/21 15:14,https://etherscan.io/tx/0x39c0aef56c4f35d29db3f2d6c86e30468cceb0d6912ccf1a04340fe966617fd2
0xba11d00c5f74255f56a5e366f4f77f5a186d7f55,17/03/21 15:13,https://etherscan.io/tx/0x406900534dd7ae3fb1de7f99aef986178feb3d76e198a4eee90b9316bc953da0
0x9a0aba393aac4dfbff4333b06c407458002c6183,17/03/21 15:12,https://etherscan.io/tx/0xf265fff9a24d4a8009b288f3d22069aa3e11db109c547e12a4ec27839f54c30a
0xb4f6cef96e36fba2ebfabd8ea72720910debee55,17/03/21 15:09,https://etherscan.io/tx/0x1eb570752c49a35675015626c8c86c3054e9f1771387ed0adfeeecb52a08150d
0x94b73aea0d688af50ecc1195a06d470e20c2b3c7,17/03/21 15:08,https://etherscan.io/tx/0xfabb96915e60653289485af7f49889a00f03b174268e0bcc23d3d4ac3baee4c5
0x8eeaa8b309327c617c74acedd3987bb46824e9a8,17/03/21 15:07,https://etherscan.io/tx/0x3b1857ac764af6663cdc0deef7ab72ed89e0d8787ee735ee1ecd4c7f0f84659f
0xec116f70fc7c214d70d90af0b83417f7e0df2578,04/03/21 17:27,https://etherscan.io/tx/0x241d5cc8435582eb9d03ece4f6a56181bc9a39c58307b9b51e7055722b933e99
0xc13243044cf19011421a441251fcd18e4945bc27,04/03/21 17:26,https://etherscan.io/tx/0xce336a5469f096a2b75edd9289663f1434e9a2198abd7a19eb10710aaf5a75fa
0xe4e02c0e150720a277e6643153f8ed88249e3104,03/03/21 20:14,https://etherscan.io/tx/0xa9b0f02107b28b950666bfaa6b7e324586a47f1b7aec310be503727d49c8b509
0x1329410051fc114d8050b007717fc7575a221c71,11/02/21 20:41,https://etherscan.io/tx/0xf5e0a0577cc200a389ea6147888ee451476bc40fd92b107ae5ce57aa62608dbf
0x5f30e761b5f8274dd04ee0c4b1a15952d202be47,10/02/21 21:24,https://etherscan.io/tx/0x5a43b74c332d51e9a133542d3b768606218e07b151ec8350d0be47016e5b6993
0x1a3a132f218d07b426e535f14f2572ab025ad69b,08/02/21 19:03,https://etherscan.io/tx/0x1b82b68da24409fbc6371345d0bb3c5c66656c1301a0bb30f1cd6fab3e3b0b89
0x8946a15b530c435fc0fe221f9efad6faa68eeac2,05/02/21 17:37,https://etherscan.io/tx/0x549f8dd622b5f6286367fa9ffc6f06c14c1eca51645c0e84e2882b8b47261c10
0x14ec0cd2acee4ce37260b925f74648127a889a28,05/02/21 14:32,https://etherscan.io/tx/0x1f9dd945afc958f2c37e1a4b3eb9b087399223061ea76fbb68dcc9d3b861dc57
0xa313d59111aee950fb517c4b1c336d3a3aba6bec,02/02/21 14:31,https://etherscan.io/tx/0xd51771b29e14307b89a0239ed34ec13e8e2b46b447342d12327ba7015e6fed87
0xb3b4be9db6f4c3a0eccf9c40ccc97c73ad0cc14d,02/02/21 14:31,https://etherscan.io/tx/0x04e0fc6608ee526826e7839063b632f3cecfecb01f24609d463d7f164d076376
0xd8e3fb3b08eba982f2754988d70d57edc0055ae6,29/01/21 17:58,https://etherscan.io/tx/0x1b1d670b084aa73c5c209c1b2f24862ab1e2dc91d7ab302747eaf6d79cde4df1
0xe5d7dee3e3888baf1f9bc765713c0e23ed1a4513,29/01/21 17:58,https://etherscan.io/tx/0x3ba87300217aae17289338bc9d1db7f20b674552f2f002a4bb06300568938587
0x4e220a522a7473319534968e5935f54755c1ed29,29/01/21 17:57,https://etherscan.io/tx/0x2d80c54cb71ad3c7da123e8ed2d18bc36ccd23e67c811de7dbc880e6c980f983
0x6239d6cdbd7605b599b79d72004209f12adf0caf,29/01/21 17:56,https://etherscan.io/tx/0x6e181a323a77bdbd26e9f3e9ccb288de88b22b0632c8eaeacf91f8851aaf5638
0x3449fc1cd036255ba1eb19d65ff4ba2b8903a69a,29/01/21 17:55,https://etherscan.io/tx/0xd2ff93d2d1e248e3cf43a20ff373cc9fcc8f1820a8c5116bfdb5b459d8ca3c4c
0xa7ed29b253d8b4e3109ce07c80fc570f81b63696,29/01/21 17:55,https://etherscan.io/tx/0x92fabf832320b18723f9c34bdd3759b9f1c0eac6a08bc0dcaaa31e8cc0d544e8
0xea96a3c2dce9ea37a477ebbb892ee67e66e7f808,29/01/21 17:55,https://etherscan.io/tx/0x35be05ab08bf0efb4d8760af86a3e2e995f1391d7cc3d7ee85026872f2037d93
0x4b4d2e899658fb59b1d518b68fe836b100ee8958,29/01/21 17:54,https://etherscan.io/tx/0xf637cd1ebe9f16c193b635c57af3b2b1bff5efe18557e23d5e2b2158323656c6
0x4166ab48ed12a060628905ab672e4a24d20310d9,29/01/21 17:54,https://etherscan.io/tx/0x8ffdaff347c0caa27b951aebafea06cbdfbacdc54b111233aa813ce9d0442442
0x31083543ef3e76447bb44b2d089c8cfbfb1fde82,29/01/21 17:54,https://etherscan.io/tx/0xdef15a2d6508f659359e2210dd0e6b3016ca925e6c6632a966f728513aa8c7f8
0x691adb34fc64391bb7e37aa26a3138708fdc551b,29/01/21 17:54,https://etherscan.io/tx/0x82ededb4316b10f35a15f71ac7b1c94c42cccb3265460070f0fdd1872f5e51b0
0xe8138a3a847a25546250046cd7c5a867c2179f94,29/01/21 17:51,https://etherscan.io/tx/0x2d5c4de9a8a12ebf64aadcd120f9ebc22b22dbda9d5230daa4d3c5a7de993683
0x543bfa3d40848da53994b3a08dcd6638752ad56f,29/01/21 17:51,https://etherscan.io/tx/0xa5335063ee4531d96921d0be010c1cf9b976adb460c354f781d0dfc4f6c02198
0x41860c3914c55ad6f63d5c6fd2a2cd6c893a2fc7,29/01/21 17:50,https://etherscan.io/tx/0x1bc00d6653dc62976a9932df580e78eab08385df6221acf670af37863315700f
0x06b21bfac6118263327ae7001d6a676d362c89dd,25/01/21 19:45,https://etherscan.io/tx/0x75cbcb43ab68337eb05b366bd5a2b1b78e2881e8724c9b54d2b1cf99e445ba0d
0xe1d60fc312d54c4ea9a932aba37441c81c5cf806,20/01/21 08:30,https://etherscan.io/tx/0x31305b5d8ee928a8240981b2fb1ad16d5c075add4306a9849f24d24be9d8679f
0x529c3a6253e803fe6cffe9b8f3eb735df2e19c28,20/01/21 08:30,https://etherscan.io/tx/0x4a665c1bdee96199101d877bad1754a6f518430eb8c30ef686ae33abf347491f
0x0000000000004946c0e9f43f4dee607b0ef1fa1c,11/01/21 17:28,https://etherscan.io/tx/0x8c29c982782b4ea2a2c69329e3e4e2afe8bdcdaef9554fe09dc04429d530d323
0x24e3794605c84e580eea4972738d633e8a7127c8,11/01/21 17:27,https://etherscan.io/tx/0x58e548b10d6b67e726849604f692b0d8eed53f4e0217ca77c7202472ebbba0da
0x38a8fc7133b11ca8c1128a0c3523435002ea1cfe,11/01/21 17:24,https://etherscan.io/tx/0xa0bddef20eafff49780e81bc7fbf79c3fdc446853e6f5d3c1180488199a33eb0
0x4e31f4ee7ee7dd58cca2be6b4934469e61a634d6,11/01/21 17:23,https://etherscan.io/tx/0x77db6d48985a1f836873af5fea732b5131d3f876e33b348947c85356999a45d2
0x3b9f47e7054cd07ab58837cacf8fc3c0859f0854,11/01/21 17:22,https://etherscan.io/tx/0xb17714d07c08636f70208b19a8498fe0cfcab2b313e0094e4bb44827fd9657a2
0xd16fca52f955187eb7afb9503c6876f094cbdbfa,11/01/21 17:19,https://etherscan.io/tx/0x61bedaf1cd900cabe7ae6877a37f3dd37696a2cbec997253eaa5c8c843a1f5b3
0x881d40237659c251811cec9c364ef91dc08d300c,11/01/21 17:17,https://etherscan.io/tx/0xcb406e3b32283617ce088a8aa7937e1864dc7631f81f618301baed35eb11c2dd
0xb179fe021147bae18c00feaa8e09183a36429d43,06/01/21 20:08,https://etherscan.io/tx/0x0e14e68b956e4d9e17e4d46ad88892ab63394bc7f07aa2b020edb0c365396776
0x83b379afaf9a0553f4dd41f1358d6a95dcb0e814,30/12/20 22:14,https://etherscan.io/tx/0x15793e615ac7a6f27cd6a38d9561475501183d6cccee535269a7711bcf10136d
0xb60fbba496bed5dfc3be19b90a892351b07abb2b,11/12/20 16:05,https://etherscan.io/tx/0xbfb9be565c39e9a6966179100c8545ff378c84f4f7526b9bc8adc27fd639b94e
0xb964bdcf25dea43b9fd0550d4f8b55585a539764,11/12/20 15:58,https://etherscan.io/tx/0x0fd4aff57d93ba30ed9c4470c839de1df2f90c853ae9fffa153d93907e01ed7c
0x0a9cb439f65f51c879ef4a5cc2889c8ea633960c,11/12/20 15:56,https://etherscan.io/tx/0x34de531869bf6405caa530fc984d9e4c520b7a807831474b6712eb84fa6357aa
0x6c5ba91642f10282b576d91922ae6448c9d52f4e,11/12/20 15:55,https://etherscan.io/tx/0xaaa2078b0c3378c24fa042afb80fd61e3281cdd9cff44310e266fb818acab0e4
0xda926989cf0000bae2b4f53070407b2cd6b4f23e,11/12/20 15:54,https://etherscan.io/tx/0x49264e01ee3b668f5c34a8f69fe4bb210d5edeffc9851ca5b8e1de1d6bf73ade
0x21a3c54b186a7a832a68d96b10856c1cea6c385f,11/12/20 15:51,https://etherscan.io/tx/0x1850d3c5bc9ce1105f6df80e54709463f3241cb063be57a9c7d4d8625eed613a
0x096e0a00d6d18f68f6e3e88e3101bdd030252230,11/12/20 15:48,https://etherscan.io/tx/0x1d2c41f7fa538b1f51db04147de5cbd68c90fa27104354f151780f84430ea62b
0x69692d3345010a207b759a7d1af6fc7f38b35c5e,11/12/20 15:46,https://etherscan.io/tx/0x27ab9f64be24ff3ec67e00fa39e6d2fb129db035ca73e08a4979c667085bf7ed
0x8ab7404063ec4dbcfd4598215992dc3f8ec853d7,11/12/20 15:43,https://etherscan.io/tx/0x4a2296f5edaf9dc8043b209014da813e695ac98d04c1f86f62db9a998bf43a0e
0xbfe192bde24d347cb3b7f0175e8003e30f347a28,11/12/20 15:43,https://etherscan.io/tx/0x5994f7a08a46f33980c28c14d3803eabc030c90ba9949a21c40f39e5b6be8f99
0xe233b8ca914ef98918b87d934c879095af71d75d,26/11/20 20:17,https://etherscan.io/tx/0xb6212b3f09b822928c6bd5b71fe9a024c8b1a318318403f1a5d2690fe0f351a7
0x98393fee5171c20092f5d0a7b57aac413ba9538f,24/11/20 19:55,https://etherscan.io/tx/0x4c063d6df4e969e67d774e3e05290fb899d9a861d7c0fc361b31765e5820f917
0xda4b8c2952be2aa9c5466708cf1f3589c185c937,24/11/20 19:55,https://etherscan.io/tx/0xdcf5cca716d97a6866ac581a7f6c5b6db265a3587e0c8fec0d959ecd36acbdbd
0x8f9538e45a4434bdc8551d24a2c61097082f1cb0,13/11/20 22:20,https://etherscan.io/tx/0x3d977b5506572622849800d92ff80ee5b43d84a6efeaeb24deb6549a7ff99ce8
0x7202e03b5cde32ec58e7fdfbde853173570594e3,06/11/20 16:42,https://etherscan.io/tx/0xf6c33d168ba1d464c837f7d1afbe34351ebe0f6a2548ca05a0fdb4ed32912663
0x25d4cfc04411a1f9e17b5b36e20bd079f9460b9a,04/11/20 19:19,https://etherscan.io/tx/0x93d11bae932c7e32f811ef8e8f738a5ad1671d5a662bfa6d6e468d15f862922f
0xb5451661101c45ba4bbc89abd0b30c254a90e85a,04/11/20 19:19,https://etherscan.io/tx/0x82fbb317644a553a406a9b9819fe7a000b89fce8649453e1f44883c924708fdf
0x8993060b04367ffb12a09f9b68e3b0d37cd2c688,04/11/20 19:18,https://etherscan.io/tx/0x96a997e5e95ff84bc6a286e7e25e6adadf12ae43cb54a9a10b7b915626294994
0x7748ebfe40fb4ca6ae9e4a7ea826a359609d353f,04/11/20 19:18,https://etherscan.io/tx/0x9222d77145fac7e96f17c1803f37e65ec41e4f9f47f6b6720cda137161588c2d
0x487860d44e5c27c467343da9da0f263a958c9575,04/11/20 19:18,https://etherscan.io/tx/0xfd604ca00b610ff2664c1dbae059ca15343c68074840065ae62f8c07032e2310
0xf240af30cc65b9900a3c3e5b5990f38125e4095d,04/11/20 19:17,https://etherscan.io/tx/0x25babdfe9a422493a2c3f68db43a5f705d8e144f998b76b1ddb0b020261812b4
0x4ea95fdaa57b8594b7ef740d2a7e163e05c67b59,04/11/20 19:17,https://etherscan.io/tx/0xd6b821eb4043bf2d6931b1e9027b208458abb8cb129fbf5f8504588b34cc7371
0xd4eeb14bfdf9658c0732f89dc9bc662a2a2ee5d0,04/11/20 19:17,https://etherscan.io/tx/0x5a828123741b0f9a9e124d3ffa93011a48cdbb4802477e5e86dba8a457c51bb0
0xf26fa4f2aca8b607755e8620c7163be8e4a73a27,04/11/20 19:16,https://etherscan.io/tx/0x7f5d16d805011b8d8f0ffcbcc1254ff1620dc0451db88c8058b56dcfd26fa6a2
0x15cce358a48bc3f2a4b346e1b4ccca90c552910f,29/10/20 11:48,https://etherscan.io/tx/0x3d0bc0092d4bd70799b67ab673189573dca66d365705a2e8e2495ca30e8fb007
0x094904b9816493aba8a246aec82e0d04a81dfd9e,29/10/20 11:48,https://etherscan.io/tx/0x1fb63d6bc35553b708317596a12a441112328aa3a0d30d52939c2eaa81b43197
0x0007f1253511e3e9312df8f180db96f0000000ad,26/10/20 17:05,https://etherscan.io/tx/0xe021718e7bd1c9c7d7aed18b5b53fa15ae2d3a1c168303394c521e8ebed9ad28
0xc9ce70a381910d0a90b30d408cc9c7705ee882de,26/10/20 17:05,https://etherscan.io/tx/0xb29e4972b4268d81d5e36a8fbb29975ee619e98837fcd3d876fe07f700f13901
0x523eeafdac23fa2cb0c3873cda4818cdc80e28e8,26/10/20 17:04,https://etherscan.io/tx/0x8ea613625e2da67df9c6064fa935fda42dbf5dc54c21855bb845b916eb297f52
0x33d0568941c0c64ff7e0fb4fba0b11bd37deed9f,26/10/20 17:03,https://etherscan.io/tx/0x7d9d6b322555350d658b00db175aaac5a2a65fbec7c2d3f7261ec7f243c547f1
0xe5caef4af8780e59df925470b050fb23c43ca68c,26/10/20 17:02,https://etherscan.io/tx/0x641baa34748d4304988e87860d8891c39b79c025a99e43455efd12b45fdba547
0xc3771d47e2ab5a519e2917e61e23078d0c05ed7f,26/10/20 17:02,https://etherscan.io/tx/0xf56917842f21dde2df09ef1de0974e3d3028bb0e9c52cae8aee0c4e4e51ebdf9
0xb1f66997a5760428d3a87d68b90bfe0ae64121cc,26/10/20 17:02,https://etherscan.io/tx/0xcca89e11cb04e3c4b5aa82de90f9fcec2dc2ef465768eff2bb1102c4c0bb6a88
0x6f446b03a63cc68aad86395bc2d8a38f358d3d69,26/10/20 17:01,https://etherscan.io/tx/0x0a45b7081c812340abd8ca26f58837960bbdbf9e1eac643dbe9587a60a4cff68
0x3383c5a8969dc413bfddc9656eb80a1408e4ba20,26/10/20 17:01,https://etherscan.io/tx/0x00caf5921207523d72c08776e526985084bd0385fe917a7bb6e7359da496c165
0x50b6071561f068963bcfe2b341126cd6accafafb,26/10/20 17:01,https://etherscan.io/tx/0x783856a3da6ce4b2df87eb388cde0f354d00396393680cc6c33d9f7d54e171e2
0xfd2cb3ace5f59cc3c43c967c326b81c01e051bdf,26/10/20 16:57,https://etherscan.io/tx/0xa86d9264fda5abdee9460f786870bb9c1393fb427c3ed9438b03def8f5d12b4b
0xf768308c448ca951f0fb2487cebe5598c8fb40e2,26/10/20 16:57,https://etherscan.io/tx/0x6a83322e3da0affffc2e0f9c65674bc19adf531a9fde600139710aa09f8afbee
0xf73d8d6f76d5e35ab952f94a6b431a730e5c5c7f,26/10/20 16:54,https://etherscan.io/tx/0xd7df9c23c7c9905383794a3f3d2692f5ec86c72fb86e313866d2f459ba0ad63a
0xf6a5d0770bf4384c7917b6b92d646acb08fa7739,26/10/20 16:53,https://etherscan.io/tx/0xf0e2176dd52a019572bf5d9c593df0e209530a34a7dc47c7cc1edafac04c9b7b
0xf5e9f38e559cf86b5eca5e78c4dc71e2268660d0,26/10/20 16:53,https://etherscan.io/tx/0xd82a4b4ac3e994d69a3c605d2a8adb971546aadab8ecc34d448ea3521528aa70
0xf041c501f16891a2b23f7d3fde5105c80453db92,26/10/20 16:51,https://etherscan.io/tx/0x178efb90b5ac407db5edc3697f1b24f37e5e996fbda0f8a872683bfe52a984e3
0xee5e98d9902e8158965c0b87364c3bb418754da1,26/10/20 16:50,https://etherscan.io/tx/0x111f2df2b3b99054a69809dfffe4f6f2b54297f0d2177495093ffdb33208d734
0xec13cfe6f132fd976f93ef9cb5f103df0eec694a,26/10/20 16:49,https://etherscan.io/tx/0xeae7353b188c7b5787cc2954df0e3203eea01b9bf992be37b23de98332039c7d
0xe53fbe593fb1a7c195661b1a7ecc506ac58590fa,26/10/20 16:45,https://etherscan.io/tx/0x79bab15110686c684962bfdbd1a30ffdd3ef999a249e5f5ef7342d2d643bc5b3
0xe21e7457ffdee184f540d8e4749ef183504f001c,26/10/20 16:44,https://etherscan.io/tx/0x47eb7816fca47f4f212b394b96e7ff457310137924d45ed81b32d9896d5b9038
0xe09378e4cc630a8809116b97321f4e014942ede5,26/10/20 16:43,https://etherscan.io/tx/0x45c700eb711fa6a2f150cf6f64b97d3e5cca2e64fe6a6fdc66ce6fe0060ea30b
0xe01df2813742b890d5d7e10e2304ba54f586f93f,26/10/20 16:39,https://etherscan.io/tx/0x1478dbad15d3096f114890b35e1bfbc42d3e248dc241cd449108ba554dd60a93
0xdd1072cd2cb592721085d439baec0130c1208265,26/10/20 16:38,https://etherscan.io/tx/0xd7c76174008c12d98375ae89c837dd2d1078098f1edee74bdef1cae666299798
0xdce043a240980194e03781844640177361533ea5,26/10/20 16:38,https://etherscan.io/tx/0xdb1459b75010d6714cb70e02e22d9b769a5497ebbe642eefa0bbaa4fc7201eac
0xda66cabdf85b32c36fc5faa7e31f22ed76157eb0,26/10/20 16:37,https://etherscan.io/tx/0x03dc111606458c79d71fc707a98b130421668fa6252eb5900841c734bc981213
0xd94bb87e0799222fc1e44fa34fd73b6aff220f82,26/10/20 16:36,https://etherscan.io/tx/0xf802f60f538f518ee54e554bdbaac5d1b3acb526cf31dc9f14909d3a1a7ab1be
0xd86592a45dd5c77f233b0422212ff3c1ec304d96,26/10/20 16:36,https://etherscan.io/tx/0x83b90e819199542c4d3832bf8fcb85bd8affb66e7b38e4e1d54fa89f00bb8150
0xd8108764a3d828435e0d85490b10cee929bad2d4,26/10/20 16:35,https://etherscan.io/tx/0x890edf40e6da6c19e6dfa7bf29bf50b4653e8f0f2f6d1d91d47f324a47b462c7
0xd67ea534d7944b62c532ae4f0ccff03414b134d5,26/10/20 16:34,https://etherscan.io/tx/0x4e09c7dd0a77bcebb161a3a0f62fa0904f071b07001383a981134f99eeece899
0xd5d4fe47f66723e45a41c941fd0177449967273d,26/10/20 16:34,https://etherscan.io/tx/0x4af4c325fb69726bc0962222bb27f781104e19c90ddda5af5cafbaaf52201a5a
0xd4268b450eb95946cd84500ca516bce781464969,26/10/20 16:34,https://etherscan.io/tx/0xf7a47cdbb1e01ab40135edb4a81c4b1cbd24ca949059268ad5377c86962bec69
0xd1359596738c8bb8f4076a6b93e3a6a94d7b0fc1,26/10/20 16:34,https://etherscan.io/tx/0xbf936118c714d99ce9f1736743131c9005cb8196db00392fcff0538568808014
0xcc115d21446926f68d5a9537bcb5c2c316a49544,26/10/20 16:32,https://etherscan.io/tx/0x61d02b4603ccb93b5b1b1a5523a63bf837cbbfad5ecd543d0d01a1e498f40564
0xcbb8514622eab1c3d287b0188a4edcd15dccf232,26/10/20 16:32,https://etherscan.io/tx/0x69470da792ed4de8f09c51f1bd1168447fbde94843d523758365596baf168610
0xca13060a208691e08254e8dcb4f0fd6e864be095,26/10/20 16:32,https://etherscan.io/tx/0x3acc2ed65a65a5694ba9f1282aa4f0d752013d2052d2ccb9e32b4c867a452625
0xc4d332f6a6a231c049d388c1975eba1c3a7e3c8d,26/10/20 16:30,https://etherscan.io/tx/0x73903812dba8bf5d79dd62a12f2f7675b43799c8cd035c3a7e365c06f8c75a03
0xc0db456cc0c9d71e793eeaca61148c0473e8bbb2,26/10/20 16:29,https://etherscan.io/tx/0x6dd9d8c9c560b235dd72dc428044e2bb2ab0c38ed904d32dbbd0e604c7d1fb18
0xc0388a58be04564fbab4c21336155c5fe1862629,26/10/20 16:29,https://etherscan.io/tx/0x44550affe4624cefa5d6c2be4dd4a069cdd9ddfd90ed6a58672fb1a783a7fbf8
0xba6b1e0dbedd00707981a84946cde8e556ce259c,26/10/20 16:29,https://etherscan.io/tx/0x76eec2288e4aa9d60fb25eed53e9703ab6689b7bf454565d12c6021a5eb67d7a
0xb8a886423d63063b67638ca29f849d8df611ef00,26/10/20 16:29,https://etherscan.io/tx/0x6ed62422d0d2b9a9f6ec31909e6a1e121111e7d0744dd350872910e82abb6f60
0xb8500fb47adeda3c0262e18e333f432aa6ac8ff1,26/10/20 16:28,https://etherscan.io/tx/0xac24380e15217a07ccb1669eea3d0e8170a79edca1c1ad7309a7cd05f0f350bb
0xb805c79f03a4230170b4c1d0ff3bb6c070c79d11,26/10/20 16:28,https://etherscan.io/tx/0x0475c649f27b00accd9611184481d29a9ebac333c3bf17c67d5580881c32e7b5
0xb4da3ea40c2548765ca5ba8a10c0cef3c24f5ee6,26/10/20 16:27,https://etherscan.io/tx/0x76f124bcc15b0eaa415e7ee2a4c854765bfd1b3d954f6bd2445f48b87d6dc14b
0xb41ed79226eef18e995260c07f6556d50f181c77,26/10/20 16:27,https://etherscan.io/tx/0xfc0ca234123f8492817dbcfad81c32644d919a37de1e56dce64e50b24d850ace
0xaed4fa526cbf10ccdf6278a871b3155d7ce21664,26/10/20 16:27,https://etherscan.io/tx/0x11837e0394a30998e28fb6eb0f33b467a65b8493c6270937c8b15bdfb8ad9d8b
0xace03f077ab93edad192aa32940699b1f445c7dd,26/10/20 16:26,https://etherscan.io/tx/0x3dffa8e6e97f06ff4b76fa9771f7e21597688f381b1a7550efd22a8be683aa84
0xa9f851e6543a25972886b86b1160c47c9240d685,26/10/20 16:26,https://etherscan.io/tx/0x0f6d0662525a1ed7f36f9d96cd2f5e4042360f1f469f027ea2099c6308465444
0xa9e8c881b448e9e18ca3acaaf1e7cd69ab68c81f,26/10/20 16:26,https://etherscan.io/tx/0x479bc73d3b500606777697d896d255d76e3cd90d17195c20311d2515a78cfc18
0xa7a621a76bd0aca522dfda21573a72e7e313b42b,26/10/20 16:26,https://etherscan.io/tx/0xc654c7ab9c93beb2482d08a271cfba5768521d13690fddbe54f8ef5b45eabc1c
0xa7610b2ba35756bb01384debea3cb0f0855247b1,26/10/20 16:26,https://etherscan.io/tx/0x2ef383177d7b2fc4b7b881e6749be83a88f5920a0f0198226349474d941f45ad
0xa65d8ab49125dc4704c0b29908983db3936cdada,26/10/20 16:25,https://etherscan.io/tx/0xd09e586bced1fbfe22de9b99aa04b07eaea7fc4517dec3afabcc6b5d7f9535aa
0xa60fcac8a4cf70af2a2e0c0cda73afef208c6daa,26/10/20 16:23,https://etherscan.io/tx/0x7799df6db4d61facaf68da278b3091464a581a9dff6fbf6b2e18579d104d00ac
0xa58b120028938cd52a673b366b3a7b96142cabd7,26/10/20 16:23,https://etherscan.io/tx/0x229cc9cd2b2d63315cb9dc94462564cf4bd70f1b7e28bcd7cbfefcfc52229a61
0xa41fc53e6cb56258b1014564e0dca5879bb6a06b,26/10/20 16:18,https://etherscan.io/tx/0x433ebd9a0b461b33e3155c97fa7df9b22d849934b72cb0f682d5b1d247ccf0cd
0xa1ba11daa1ca5307b8e31b2d418328bea6fdc6b7,26/10/20 16:18,https://etherscan.io/tx/0xb8688f092129680adfb43e17bf81e23655a7ff66641ff47f3ec66543fe589cf5
0xa0820e7e310a061d92df27540d369f962b708e09,26/10/20 16:18,https://etherscan.io/tx/0xa1e1c09b1a6bf3811d60342df0aac0bf6acf252af39a5af3aba39838ad19e5e1
0x9e1a5c1bbfb0e6bd11a52fff463ef5bbb449bfcd,26/10/20 16:16,https://etherscan.io/tx/0x429abda04ee408f7fac7c2ad3a8dd6fa3c270e0bfe1bf592b1399a09124d0a62
0x9c399c4859c95330d4cd03dbedd8f03566b1ab70,26/10/20 16:15,https://etherscan.io/tx/0xff38e8e5adc384d8b751f6d01327f67d2f0061c3a04cfc54059f529b06e24758
0x99fb8ea7fd859c1d8425f4f7a024bf355db476d9,26/10/20 16:15,https://etherscan.io/tx/0x99ac5d887edc1b325780b83b84c6ba90261f4184567ed954af437b27fb71d1e6
0x98a65067424a2a512eb22d0919bf772d4acb7dd4,26/10/20 16:15,https://etherscan.io/tx/0xf1875f916efa801ee2a2f2fe7bd328acba4b73d0e805d20178dcd045b87c9271
0x97005d821905bd11ca0574cf0319956e4c7eec09,26/10/20 16:14,https://etherscan.io/tx/0xf123697ee970ae5314c1fbe0a123f329937e3b941d3dd5955eb4dbb76e3d2035
0x94bf8a5ea95c837f72729abe0fdfb249fa9e6880,26/10/20 16:14,https://etherscan.io/tx/0xa9ec64a863fbf61c9af62b8ba48195b17aefcd2521e3fb40c50b1328aef4cd8a
0x92cf4d125b904864b016c8c10b7a8e8504060a4e,26/10/20 16:13,https://etherscan.io/tx/0x18f8f21f92334f8ce8da915eec755bc1751cf124e97e1e2fd72a3a2c83e5f226
0x8c6b4a65e3b442b1d7b4d4b3143049c36d78a173,26/10/20 16:13,https://etherscan.io/tx/0x5798a80d220135b0833886852124c167a9db5f70fde7352f8b5a1a14ad61fef4
0x8c37b927fa392ad0b1890c8fb49fe939563f768f,26/10/20 16:13,https://etherscan.io/tx/0x52e9ae81edcc42b64b3373a86158c80be6ab40690a3911c066ca4ccd435f30cf
0x8ac7c0ba14eafdb8fe4378028d540e9ed576afdb,26/10/20 16:12,https://etherscan.io/tx/0x1f304d900c8a6eea0d5a12b776d1ce219da2e8a7f7840b7f2cf018e3651af2e3
0x89c61abda2a1061182765656dc591306a491643c,26/10/20 16:12,https://etherscan.io/tx/0xf228c8029e1c525bc9fd2255f0c5bfcfcef5f72b9e559c7bd5ae8f6124d50136
0x891cb46cf734538cc52eff7b68c9edd8e07ff2c9,26/10/20 16:11,https://etherscan.io/tx/0xe3a964d1b440c0a2d5adccc211917f6ec208958d096193947ad6cd7bb07a2846
0x8679b074480c47d6e4b4c4bb24e5970e1a0d0cfc,26/10/20 16:10,https://etherscan.io/tx/0x8604fd24e99eac88448146efb10aeb8f3dc0b5da7252809973fea04078f91914
0x84c03c2c14e73e90bf8cea11d625271b3a92dfac,26/10/20 16:10,https://etherscan.io/tx/0xa6cc6b5f0f1c225673a1e6f84d10afe88199ff498bd4586a61bc6b76161c4911
0x7e5c85bcb39b59e9910f6e271e20433c7b0561c4,26/10/20 16:09,https://etherscan.io/tx/0x2eda15ed492081d73aff4023e32da200abc6992ff7510b57edf762370ca1383b
0x78bc05de11d5504beb9857bf20418240d7d64af6,26/10/20 16:09,https://etherscan.io/tx/0x1e4ab07d8a19ef282254df8605e02c9441b9715f257538d2eea1df1bb47ddd6a
0x781ade5b26e54acfe07bbcc9fa280b12f1b81a5b,26/10/20 16:09,https://etherscan.io/tx/0xcea4c1f534f3f89fa9212943d13e39a95ab1c83c80a9226bf30216a5c651d821
0x760ee593861973b4cbc372a2cc31892e80f22ecd,26/10/20 16:09,https://etherscan.io/tx/0xd190ba102f1f2840f96a52d8cbe08197df00625818978c2a532310a78831968f
0x7500f0c7b6de1987e5bf617f681c0e10f0b73cae,26/10/20 16:07,https://etherscan.io/tx/0xfee2f91afdd13b8f57a55bfa9e9a74293ba84fdc6543ffb8aa5bfc5f0dd4afa5
0x74b76a5ce326bcdab7c9ba4c8b4c204cc42b1cb2,26/10/20 16:07,https://etherscan.io/tx/0x027b2930d0f45d581e8ac1e35eb039d194b5e7ac7b2375fe6e51f63847f2219c
0x72c7ca996bb133acb16e9963c9f955a5b04edbb0,26/10/20 16:06,https://etherscan.io/tx/0x54ad47acb2290f9e4586fb1427f6be39a376cc779aaf0d3315b0fb6f6f470473
0x6ef45e8d694c35f6cf00b9e9d31ce05b24a384d4,26/10/20 16:06,https://etherscan.io/tx/0xb7bce34ee9c5454e2e4dab980d93a5355c3186718f10b90dd46b7c87c4423dc0
0x6e82ab852f0584d61142adc2b5f196a661292e16,26/10/20 16:05,https://etherscan.io/tx/0xaebcc069bff76e397ff22d4c3f62ae40d516036a4842047ef1430bb6ce5a8bc7
0x68f64608fcb137f8ceccaa08e41678cde0a73de6,26/10/20 16:04,https://etherscan.io/tx/0x657bca80e9d191ab7ccfdeef3548e70bdb2f3c298d24f20bab44191bdd243381
0x641a67e0583f05e3fb93fce93bd3bdfe47301c3e,26/10/20 16:04,https://etherscan.io/tx/0x8ee195f3c9f2b92aa37d8ab1a9ff1366f831c5ad2c301b22f3869b68f4823636
0x61a16fc2e352647ac9c130be6742ced32c911dee,26/10/20 16:03,https://etherscan.io/tx/0x1714d94511ef3d9a91f83706ff84be534c847b12363de6ff9e1dcbf0c84fb0ff
0x60bd000b619e7ac467f9581a991d69338db18dba,26/10/20 16:03,https://etherscan.io/tx/0x16122aba7cd03c8e867ccf28276cd5edfe1e77625016242425ebe6aff9309a74
0x5def1f2f8aa773fb92ec5028ebbdd33edac6e850,26/10/20 16:02,https://etherscan.io/tx/0xfaf1a3b662886c0c346afee3f1be7b1181e16dada4d67ae8f4ba0913cd642932
0x5aaace475669ef0be27b241ee7eceb74ea5e36b7,26/10/20 16:01,https://etherscan.io/tx/0x67b62074c6b38095ac81cf9a0388a1b41cbbf6ce0ed9b8e1a8a832ff516a9a60
0x58f2f452b5500a95e92b1c8b8ca44e996712606d,26/10/20 16:01,https://etherscan.io/tx/0x4e4a82ff9f8978ca3184a91cb7824ede8d303dc3bf7120bc1cd7f612a15e825b
0x5435ee8414d495d6eb15c79f5b10ed5f6684f448,26/10/20 16:01,https://etherscan.io/tx/0x21552e9fc5aa1e0839c53b576d94d909759d594474d06221c600c8b13a18508b
0x5357ca709f0469c4a4de562d96cfec65e87e7e8d,26/10/20 16:00,https://etherscan.io/tx/0xa9826dccb345bb2d84e78040ae8522cd22cbfc6e90b873e8beb2c437c4ecb388
0x51d0d3a1912263bdf3b103ad13b6b03598c5680d,26/10/20 16:00,https://etherscan.io/tx/0xed971ef2f595d3af7e9a90a8c4d3c98b00e96292958a5a2379c721d0a451a3da
0x4debafea523bd94dbe030836e1dd3b6e64a79ea7,26/10/20 15:59,https://etherscan.io/tx/0xfc40b1a13bc7b62a0e8220254eb3d363137fa5bf4dd9de58a5a16243aefe7901
0x4933038d1ab1e8d042c3944fee2c2d4cb2b02fcf,26/10/20 15:59,https://etherscan.io/tx/0x29ecb21e126ea61f531fc6383cbc8c7b66efb93dce7e7c5800d042f99e16cac4
0x4812042a9fdf864ffd80d298628b23a3cc4f8988,26/10/20 15:59,https://etherscan.io/tx/0x7bd58988cf7d2560c942758d05980c9643738241c8dade252f7a683ee6483178
0x47409050f0ced07aac3dae0c48aa6fe8db63455d,26/10/20 15:59,https://etherscan.io/tx/0x22c98b148a897e9540696234209e1e061fb37805bbd02772eeaa661b1b8f6276
0x45412c2a74ff5a3a282e49fc163e4d8c72e25d1f,26/10/20 15:58,https://etherscan.io/tx/0x007c19472741442bf3375cca2b7106f6f9f80592976e50d3e287df6e0dc233ff
0x44281fe195402ed29c8067ef107c1dd4b6fbefb2,26/10/20 15:58,https://etherscan.io/tx/0x127c9c904ca178a5230da25d228a5eaecd732f7ee0d912107dd210ee46023f13
0x42b07bd8c55bfe4d20c4be2d62bc2c0d905ef9e7,26/10/20 15:58,https://etherscan.io/tx/0x6ddd91455fcfdd5f1b82fc1b613d5484e60c843b0a8762ca4d6d0729df8e7d4e
0x417d46b12ebfb45cdf3403e99a760798db3737fd,26/10/20 15:57,https://etherscan.io/tx/0xd048dabde927a68113f7e7324937086517e9caef55395b9854d59b368da45b53
0x3e732383de30e25ab0cafbe05bc3aab0eef86129,26/10/20 15:57,https://etherscan.io/tx/0x6f37977054f36f4c4416a5845a327161736124302add22edd7ae3ef478be4b88
0x3b2a153a99f1855d8aefe2c925c796eeb0b78d60,26/10/20 15:56,https://etherscan.io/tx/0x17f4380e78e43604df55cd6da1c81ae6f25548268dc61e06288b507625e8301b
0x37e77753fb405ece1164b7179ca4800c99f5c7d8,26/10/20 15:56,https://etherscan.io/tx/0xd612e28848a10b0a342bf807e9e256796e8cdba9c0ca382cef72699c777373db
0x37cd869582ddcc9db0cee5c587105cb597a9a76b,26/10/20 15:55,https://etherscan.io/tx/0xd636dda087b9c9bfce3674fd35b20ce69cd36a348a049267ebada65a271d0f6d
0x37b9a0e18bf70b009b757c49857b5299745a63a0,26/10/20 15:54,https://etherscan.io/tx/0x68f40c8b3661d9482a529176ca5a46c602f1fadfa866b7ac95f3410e9cc23fb4
0x32a895bae7aa91ee5e423d756eb36b29b1d45785,26/10/20 15:54,https://etherscan.io/tx/0xdecae032bcde49536e08d257a9ade2230179db3c17cfd20297a976c0bebdf925
0x2e2b305cfd35ab22a767b67a8bf5dceb75c8dc7d,26/10/20 15:54,https://etherscan.io/tx/0x8c0969614377fa73e46d3f105a79d092c6c7a07e5d05ceaa0e5872c5e439046c
0x2d43b14ed6c61389fd0b398b73c6782231dff73a,26/10/20 15:53,https://etherscan.io/tx/0x21b1b0c3b12f69048c21ae70465b1f45e02b8dcc3fac0ea9d588fa5ceaaaffc2
0x2c77621324be3bfeefdc5e25204af6db88ff798a,26/10/20 15:53,https://etherscan.io/tx/0xc87573246cdf24e90b84fcabd9d911ba9ceb9432c511319358c87e7dd44cc62a
0x2c6ce190452c43f6387929d3802b23e3d43270f3,26/10/20 15:52,https://etherscan.io/tx/0x16701d1ab0c42b0434d22be76993ea8beec1321715605ea3176c87a8c7fb586d
0x2b19d941d6a639ab9a3a70555c34cbba47a52076,26/10/20 15:51,https://etherscan.io/tx/0x448cfcf16f20fd85c0fdaa468f4e1655bbc347708259d4cdd1908fcf9c8c51ba
0x29e7e2ccad6cd025a9b03fedcdd344eeba19cf76,26/10/20 15:51,https://etherscan.io/tx/0x4c642578d0f5ba387ab3a7cbd787839aaf813b9746fb34e611baf429f0dc5a1f
0x296ab0cd87840db642a05522306f679c77f9bbc1,26/10/20 15:50,https://etherscan.io/tx/0x741bbc7ee7ef244d91cb12348e85619553f1b8466d0121f939c150a3c38e781e
0x291bc570aac1e90a0c5230fbfb3f97274c111273,26/10/20 15:50,https://etherscan.io/tx/0x0f542406989cbd26615b91f3c5eca0652252382fbf3c458c5164c1e6ba60b6fc
0x27889548c9d767e48e45b2f07ef3cf1faa5b2a97,26/10/20 15:49,https://etherscan.io/tx/0x7701308ee2ad4499492957517a3c8481be3b83d762fb99b7e36b5d0874b3d414
0x2609bfda99430fe5b62b17afd91c62ab1a843ca9,26/10/20 15:49,https://etherscan.io/tx/0x189c2b7c2bbccb3ee57b6549bd4a63ae26def34052bccb54403872ec9514549f
0x25d33526deed7ef7fbf280e0ae64ffa2885797a2,26/10/20 15:49,https://etherscan.io/tx/0x0ee00dd612a6ad29d5ff016ef32976472daa0fffc8b3cb225dc44ba0f87db60b
0x242d65529f330751baf13120a0cf5face08ca9ca,26/10/20 15:48,https://etherscan.io/tx/0x6f82d8d46268b84220b869c46adff42daf4b989cf1b14de20aa866896e9884f5
0x1f36ecbd76f05f631a98932195a19b4b0494949e,26/10/20 15:47,https://etherscan.io/tx/0xc68cbf2153a19e691f2687b71ec69d8a69bf9d4a5869edcec329f0c2adb03f73
0x18fae44d01a92ede3362d321ad435e3876767edd,26/10/20 15:46,https://etherscan.io/tx/0x4cd6f7136b28d65bf2cda061a9ab02e667e2632ea9495bacc628fc3cca0ba84d
0x18bc757caa7658995c40dc7542254613ab2580f6,26/10/20 15:46,https://etherscan.io/tx/0x9805c1a2f937bbe6c2d2256ddacc069099c271bcb7d9bf1be3f53b70655cb685
0x0e1f5f828f7c66631728658cb4cbd966700acf6d,26/10/20 15:44,https://etherscan.io/tx/0xa3dee927f4aa04147804a9f44cc3b4f84d71268add005de49adb9faf5a6d3626
0x05594df248cb01f8046aba8a37d744b99acb6d9f,26/10/20 15:42,https://etherscan.io/tx/0x1e4190249873519726b9a275ffab5c560e5c02dc58289ddd33501a9d34d6a5fd
0x0199f775670c4f767319f8dd1646ba7c617e4063,26/10/20 15:37,https://etherscan.io/tx/0xc64edc677d3356116a7adf73d55891e7031f6f87f8f51a2b2cf0819edc418a47
0xf8c3527cc04340b208c854e985240c02f7b7793f,07/10/20 18:28,https://etherscan.io/tx/0x261b5256b3ef108be3823cad6a471f11c56036dd04a8a6a2c297743f7d3531f4
0x56d811088235f11c8920698a204a5010a788f4b3,07/10/20 18:16,https://etherscan.io/tx/0x45873aae84306244ae29b9225e1391bfa5d08b9271d7b754a2b03b32ef4463d5
0x0128e4fccf5ef86b030b28f0a8a029a3c5397a94,30/09/20 19:23,https://etherscan.io/tx/0x317a06c1691f0649ff54d99b0b5183c4fcdf70abeb3d93ba37a9093324225009
0x3f382dbd960e3a9bbceae22651e88158d2791550,30/09/20 19:23,https://etherscan.io/tx/0x886b2797d1d229605073c7c66bb3fe96fb61a642a16693a7149cef06e44c27ed
0x3e9bc21c9b189c09df3ef1b824798658d5011937,30/09/20 18:25,https://etherscan.io/tx/0xd85bfca6afeb50813d41a4a844b1a66843d20e3a7ea5d98c69aedc5df68d0f25
0x2cedfa2a7f5e1102830b81759b95353c08973386,30/09/20 18:21,https://etherscan.io/tx/0x04470123a91330ddd7ccd4c6dd3514143df19808e48534dbed4ddba58afdde72
0x0000000000000000880620000000203571704007,30/09/20 18:21,https://etherscan.io/tx/0x2bad00af1c9c5306d7bab880931f5f51c631a286a39e9b5c7245fbd8ff5af072
0xda3145d0a373712e036106fc1fa34b1014807e68,30/09/20 18:20,https://etherscan.io/tx/0xdab346088fd487581c0a0e08e51a22b5930670f0940f637b2c5e04d54b673d1e
0x668dbf100635f593a3847c0bdaf21f0a09380188,30/09/20 18:20,https://etherscan.io/tx/0x804c31f17ba79d82120e2bea6613463e754ad2bc4cbf6a61c086c60dcac29903
0xf275d07c3db7e14711290aa4c63cdce17db7bfa9,30/09/20 18:20,https://etherscan.io/tx/0x78345397f8e8bedc13d8e1eba8a019f3da47ebf96ff7754e63fde1b7eeff7537
0x1e18821e69b9faa8e6e75dffe54e7e25754beda0,30/09/20 18:19,https://etherscan.io/tx/0xb4e530f8ad9c55550524216a5128cd3a05e13da3a887605eb87a7043417d00c1
0xa0246c9032bc3a600820415ae600c6388619a14d,30/09/20 18:19,https://etherscan.io/tx/0x92ba165015a5172e4c01dcf08966e4a4afe249d03e1852e6105837034d9d4062
0xa3bed4e1c75d00fa6f4e5e6922db7261b5e9acd2,30/09/20 18:18,https://etherscan.io/tx/0x322a2a125fd8924ddd09bfd8be5cc61dd9868c2d6bae5f24782ba02e2ee91689
0xb3282c5caefb26c24e462e828ea977d8dfe9effb,30/09/20 18:17,https://etherscan.io/tx/0xf9be73921e1574e75f4ebb80a303d993db2cd408f2392c955b8f91f48cad674c
0xb323a404a1b391b8072ba86b5746f9cc862b21cd,30/09/20 18:16,https://etherscan.io/tx/0x396d520b52bbb7b3818bf02f47456515658d87992dc4c21d0a4ff4fdff2c1ed1
0xeb31973e0febf3e3d7058234a5ebbae1ab4b8c23,26/09/20 08:20,https://etherscan.io/tx/0xde9481cc661b6dee7257bd4f4c876627120c8473320e857d102de91adeb0f1a2
0xcfdc3640e0feeda6e4900a487a897aea8df6a3a2,25/09/20 18:31,https://etherscan.io/tx/0xafda0032bf9d78d661265cef910ec7e39331eaf5899539a51733c9eeaeceb6b5
0x2d8e135b4bd81e8a1d04efa19d9485d2eb12fcf3,25/09/20 17:04,https://etherscan.io/tx/0xaa6fc48854c20438cc4416dcebd9c7a7cd4521747d70892c9f13c62538487d86
0x1b0b7607bc9df784f707c82e84410d7dfae3d006,21/09/20 17:41,https://etherscan.io/tx/0x84a846d4b81f9bcbbc4ce753e2a6c5fc4bd853761d3ac38bf08eea9796ff6a66
0xfd846ce81f9566e34790946078221c93f777a419,21/09/20 17:40,https://etherscan.io/tx/0x6e3f2361e3e37b4c5c46417fbcc1ba3ab83e8b45133f54e5063686234f82e306
0x729191805f6bbe845de6e3e4a554c40111bc6c26,21/09/20 17:40,https://etherscan.io/tx/0x258fbe6eadbde07ff979f306e1500c6b11740dd3f57f52bb7a1eae35c59c5195
0x98eaba2684b49bbde9842cd48f3bae8caa31dac4,11/09/20 16:19,https://etherscan.io/tx/0xea4e10e577d8b3c749ec2004f84a4b8f849e6155df651347d73661dbf259f216
0x9f284e1337a815fe77d2ff4ae46544645b20c5ff,11/09/20 16:18,https://etherscan.io/tx/0x59d2f60c073535109df0a02819167e5ecab17a14a022b5e4255a0a6e2cd92f3d
0xaba8cac6866b83ae4eec97dd07ed254282f6ad8a,11/09/20 16:17,https://etherscan.io/tx/0x0fa804510c0f803d80b4906e821bebc427afb60c617ddb69a07139ea05c4328c
0xb8baa0e4287890a5f79863ab62b7f175cecbd433,11/09/20 16:17,https://etherscan.io/tx/0x67fb8f8c0a612d69060e95d50530e413d5667df6e93e8c2ae41e9ffa14bbfce4
0x3ac4a91b718b9845d4519936ea4db8fb2a6ec115,11/09/20 16:16,https://etherscan.io/tx/0x89c599f27d3ed04b4522a0585c89bf51d43050b3c4ada64dda1d1692ab8a51eb
0x45f24baeef268bb6d63aee5129015d69702bcdfa,11/09/20 16:11,https://etherscan.io/tx/0x9c65d635501154f041969305036c52a24d74e7e3a29cecb8241cc325c3f7c6d3
0x6b3595068778dd592e39a122f4f5a5cf09c90fe2,08/09/20 15:50,https://etherscan.io/tx/0x85b4636eec80358a074ddfa68d9120ecd70d52be8455276be75e3e031e676364
0xd533a949740bb3306d119cc777fa900ba034cd52,08/09/20 15:49,https://etherscan.io/tx/0xaa8ba72c355cb2438f060ad441cbfca2176f541c9cd73b0f35db1934a7602515
0x0e29e5abbb5fd88e28b2d355774e73bd47de3bcd,08/09/20 15:48,https://etherscan.io/tx/0xab3504aacb6425f9f1c4df38b5f74a4937534cda3446f199149b021916fac22e
0x3365cff5e0970fbb2cf744796901002d9987c0dc,08/09/20 15:46,https://etherscan.io/tx/0x5bd1bf648cd8b066cad8807e3e23ff0dd5ec62c2799ceccf486a097544469c4d
0x0000000000000000000000000000000000000aa3,10/08/20 17:00,https://etherscan.io/tx/0x30e2fcf89b3c1c084b6bb07c08cc482dfcb0a6a6b0521165b4ceda2d3d5363ec
0x17d25a67781122e89bcaeba36a5c72a4aa809e4e,10/08/20 16:59,https://etherscan.io/tx/0xe627906b3542cacab5b7b7ef054fa12943a486095c0a9423e9fb019a216614bf
0x0000ef2a62c7c7580db66bbb50e1a913f0cc0615,10/08/20 16:58,https://etherscan.io/tx/0x325ca1f85b9bb42af97a3a17638e5a461c9824024abb92d7ecb83d8789a90dd8
0xf8e85302bb65e3086f555637757ff0cda241562e,10/08/20 16:57,https://etherscan.io/tx/0x1267d66a24ba02458acdb775431b8a33d515abb0cbb8b44d638079f02008a26d
0xdcb7a40366e4c3b35cb30026040a4f84e2a94c11,10/08/20 16:54,https://etherscan.io/tx/0x07792b7843a0a1ed42434674441a7097f49d0d56e0c2ea0f7e0c9bfe9609536b
0xdc599a126a1af8648bdcd36579613e4cf24976d2,10/08/20 16:53,https://etherscan.io/tx/0x20866e5dae7c3da3ca0e2b1fe10c92ad52d625a9bd2d767a7c7ff502c6bd67cd
0xda3240dec8afac34c6dd7c84fb64603676142c57,10/08/20 16:52,https://etherscan.io/tx/0xf9c348f5713d4cad866d82da2ea10e1bf042a3b7a8c25831819cd785dc56546d
0xd80b103eba455a433798290b4c20e3024c6648c6,10/08/20 16:51,https://etherscan.io/tx/0x46354b547b719a5bc9e2a2e08e699933d2ed10f69da117755b0700c773a34e6b
0xb25a1f3a7084ef8aff33c2e94ee02045cbcfa869,10/08/20 16:51,https://etherscan.io/tx/0x9a74f5add9dbed9764b89abcbcff319ddbe4b60c00aafda97fe3e1414aaf8854
0xae1c66afd3add84f1054a86268b10dcf7567b95a,10/08/20 16:50,https://etherscan.io/tx/0x78b207ffb60c7cb4719562dc00f5775ddf317416ff239bb838fdb02de173807f
0xaaae21b96542cc52d9e0f8e7b74cfb171d6ba339,10/08/20 16:49,https://etherscan.io/tx/0x7a67f1fcf106877b35c4708eae24e57c712073baa39e605fa9cfa297f5b8463d
0xa8d1a4f9c3a26eb19e5b585e16a384311b7fb1a8,10/08/20 16:49,https://etherscan.io/tx/0x23fd5cd59cc9c84b6e75cc9ee70de5a2e1f21a2684521e19296424c530b74fe1
0x7d8115947cea2966aa61fdfaa4d58053aeac4e2f,10/08/20 16:48,https://etherscan.io/tx/0x1a4f09916577049e7b125bf55a2768d008aaba46595dadf19ff2b1506227e89b
0x6f29b5b1462f3875e5e39c9fe5143e1a1fd85ab7,10/08/20 16:47,https://etherscan.io/tx/0x9b016a77f82eee594d081b5b795b6293bf1bed83a7ff0902770fe81e4f78cc56
0x600ae3c68fe447e4aeb02a0a237d7376279a44f1,10/08/20 16:46,https://etherscan.io/tx/0xbf17ce54e42b00204147f715933618b104f8d232079975282f784e5b4407493f
0x5da7970bc6b14e31cc0ee64c94bf347d16e33d04,10/08/20 16:45,https://etherscan.io/tx/0x7ca9893f743d13fffd39c90c95da1bdf74c5a1644f081fe61af7f054a8c8df4c
0x4355849b431db6a75b06535532299b82529300c9,10/08/20 16:44,https://etherscan.io/tx/0x0d6debd02d7d652c5ee449ddcdb44289a0c231585f96060e14328cc862c9e733
0x39c5088b3019cab57ee8d5b2798fe55b8c3a560d,10/08/20 16:43,https://etherscan.io/tx/0x24e84708c39d9ddf841c2c6986c677ae89dfde75684fe8aea5967f1794c05800
0x3302c2ea22520bd5e7ebde0eef31072e9990c18c,10/08/20 16:43,https://etherscan.io/tx/0xaff69655bf23c118ad2f2f98c7c819542ba1a2632ec408cbabaa06f002f15c32
0x2c09de5466ea6234dbad3915b8f9ec53c321e90e,10/08/20 16:42,https://etherscan.io/tx/0x4bd43598b27f75852265d54a3908fcd57d622a2662b2edae84a5d5b3a7f614bd
0x06083c4d615920cf267b53550b265497155ce71a,10/08/20 16:40,https://etherscan.io/tx/0x3134d3494d0fb206e5760782f6f247cf879cef4435c7dee1128aa3cc5a3575d2
0x6a715c4cd36a00bf61994f15c725063f7ed692c3,08/08/20 18:52,https://etherscan.io/tx/0xb769b6c8b54c02aff94e81194094b392d095ed69aaa91714d47d63265c4683cf
0x63f8e1fb9304fc6f7c613023c8104ba464122fd1,08/08/20 18:52,https://etherscan.io/tx/0x1aaa2377cece78a46dbfca7861110093d45f71aa90b34f6d82fa37ec7fc393bc
0x96bd030b35732b9cb971655ed762635e3e753f94,08/08/20 18:52,https://etherscan.io/tx/0x7cae936f7be05f154f8ab07c52d52b7bc9884dd42bde8aeab3112d9eacc522fd
0xbe6afbf9a85a65b3c3a77f9e7f4006da11cc82c3,08/08/20 18:51,https://etherscan.io/tx/0xe0bf32d6461e8003c0d5a4c1c25de2e998a67f34524816f587c78296ccb47c23
0xc0302dc505906e967c333fe31b470a8b76d90602,08/08/20 18:51,https://etherscan.io/tx/0xf90af2d93ccce53dd28074340addb63782bf188359a7c26ee8b63a3a32d781cc
0xa74476443119a942de498590fe1f2454d7d4ac0d,27/07/20 18:02,https://etherscan.io/tx/0x89f99b28d0c57981ba3aeb7581c01e8cf16bf039f75ce02d1c538cbb0a562290
0xaa6edb1f014838440d5d3a2c489c5fb0a2d910d5,27/07/20 17:54,https://etherscan.io/tx/0xc165ea736ef7fa569771b31ff2fe2584055169d0a7cd74aba4188a0de6518f0e
0x07aff5c0cc27473c3e4ac359e7a2372d85d556e2,27/07/20 17:47,https://etherscan.io/tx/0xc3b586bf06eda4ac3ad36ab288f022d5fab1dc8d1b7e0b1d433f150fb9f641b7
0xe0ee037b54e94bd837a476fadf111c9aee82abad,10/07/20 14:47,https://etherscan.io/tx/0x78cce13d75ab006ce98b5401108ba4c18cf1b3bc7edaaef27561472782b17e3e
0x8a160cac2f51f0365f92114837ee1cc8c5f9acb7,14/06/20 11:31,https://etherscan.io/tx/0xa0c0a75be09f1e8a9a0b5404cfae554602928eb3a879dcff1cd646d309153975
0x000000000000000000000000000000000000015d,08/06/20 09:19,https://etherscan.io/tx/0x496737f15798d738c6bf8e61d2a41682d8e1669faa2fed8240621751c32b8ce4
0x0000000000000000000000000000000000000fdc,06/05/20 16:08,https://etherscan.io/tx/0xa5f7d005d760c44392a30e3c0d03f7190d7476ede12ec4a1fc466d969cf57388
0x40d3c991b9cecf8b390f3622bf4cb9418283e57c,06/05/20 16:05,https://etherscan.io/tx/0x98e6ae0980e30b7d76f81bed308ffba08ff3b85763ec3cc1b32f54cedd6874c3
0xea7e96d744b2b5a5106902fc615bd351c645b182,06/05/20 16:02,https://etherscan.io/tx/0x6d60d36af38b5bd8aa8a0db805e6ded08a332f9aa0e8e9b88cd522a9fc8d59ed
0xe453f4012c868cb25a0b987fa8d2a60f28300082,06/05/20 16:02,https://etherscan.io/tx/0xcb0eab0ba3bf67230d415e5d32a31cd099ac10dbac91a77748230a915ecc3977
0x000000000000000000000000000000000000001e,06/05/20 16:01,https://etherscan.io/tx/0xc47f85037499675c54947d56f9309cfdaa9ee63247f53893ad02d94f90d3f009
0x016913ead5672f01de2043874e5c1cac5df608de,06/05/20 16:01,https://etherscan.io/tx/0x4306ca74f91a3eed57ce2e7bfa0469f4c4b76fda3057f6a12b75b7f46dcd3072
0x0000000000000000000000000000000000000001,06/05/20 15:58,https://etherscan.io/tx/0xd8ea4a26e5354f8660df8dd24bc46b7f260865cbc5f9e5069665934a0265d6d8
0xb66a58e0aaa66b2ef9822c75cb577d336acb00bd,11/04/20 15:05,https://etherscan.io/tx/0xc0110ab57b38ad0cf225aa713a686436414ef5e338e02a2177323c31cfd914e8
0x5c27cc68fe01a3994807b60a6c81d8ba638b4ba1,05/04/20 16:45,https://etherscan.io/tx/0x50823b9c9178e805edae2b5dd83648177d253fbbac067b97d61334c035e9749d
0x552804d08eb7abbf89c131e4c4b1e9e259d90751,03/04/20 17:14,https://etherscan.io/tx/0x54172c432473eb3244007f3d3a31e347c7bb36e41e84d3d59a540c95bbf9ce14
0x0000000000000000000000000000018148086009,03/04/20 17:13,https://etherscan.io/tx/0xae07a26268f9819135d8b4d88487c1ef6fafdafdfcac49d14c8773144385f0ac
0x0000000000000000000000000000000000000e33,05/03/20 17:22,https://etherscan.io/tx/0x4fca7116151400fcf7b52191505d6d03c0d3a8c489748cd38922f8df2c79d3cf
0x6f5901e3c53a51fce8edc15f6fa2b01b24226dcc,05/03/20 08:55,https://etherscan.io/tx/0xda5c3d1c03c8dcc3a23709b4285d4e5744596e3db03070e3dfd0f8586b10a22f
0x20be90ebfd8395a34740db71d670d99da93b10a9,28/02/20 00:21,https://etherscan.io/tx/0xeb8f94f821f2b478037c59b33cc8bfe29b012fd71e28997593799c8e4727395d
0x087a39ecd3e12db24b76025efaf077a2fd6e44c2,25/02/20 18:06,https://etherscan.io/tx/0xea1343960ec7a7c4e15d9b8dfdff8618cbf347a0b55748e175dffb10da5fb0df
0x5441bfcda141759eaae9737a28cb2f9fd43e8869,25/02/20 18:05,https://etherscan.io/tx/0x266cf685565a922f45a9f18492b30d7e4dbf1c849dcecfdb0d35422eaac84d1e
0x14675623b1d8fcaa086ebcc82ce5d390d6c681c3,14/02/20 18:47,https://etherscan.io/tx/0xb4986e9a247ce2e70556c3ef4817df65e81a3e12a6fd07233600d3a3a68b955e
0x000000000cd2ea93ac6de3054ad27667ed965a81,14/02/20 18:45,https://etherscan.io/tx/0x9c7e5de0bce2f401c081ae5fa5185885d480432be24960862dcf71b3a2a2c613
0xe74f306bfbff84f675fdceb770b157b70b017169,14/02/20 18:43,https://etherscan.io/tx/0x97a334123cc0e5863dd7c8eed6dde9f9deed24ac33a8b3024fdd28bd1d6f0cd3
0x0000000000000000000000000001fc24fe892306,31/01/20 17:07,https://etherscan.io/tx/0xc46e4279b6e5b5fca1e83ed071ccc55337e3f2453ea13d96eeb92056a55483a5
0xd5faed37a99373c218a73149f93e47ce1c983dfe,06/01/20 16:54,https://etherscan.io/tx/0x88cc9b3f6858109fd15103a247d5209dee86e6f81c3a3743da074dd06b126277
0xb7944bfe170986fd6230b4c18bc7072cb485686e,01/11/19 15:38,https://etherscan.io/tx/0x99631c0ae9eee3a2c33ded12168bc67c9262c9fe9f85dd2a8cde056dbd4ad8e9
0x20d99ca2c88b20e34f5d7f7e5fdc61c9181c6732,01/11/19 15:35,https://etherscan.io/tx/0x9c24c404afd4b953976169edaee4bb7533ae54e9b002848e7c1901597b78e203
0x0763fa09cc7d60e734c670d327d11b3a8a3f7776,01/11/19 15:35,https://etherscan.io/tx/0x60a97cd5edec7d3d1be611ed943753c3f2206bd57846edfc4bb112011bd997d5
0xf192f9cd28aa0e268eed28078a432dd4abfe8269,01/11/19 15:35,https://etherscan.io/tx/0xf49cc24bb3d1851c3f3c2a6bd42904ddfc67bb18d148731bb16b8f0d8705088a
0xda66146ec41690ed8392869b0238dae5774f2314,26/09/19 18:21,https://etherscan.io/tx/0x06c4303d10a1b91c78b6dc11c336617c92eecbf241889fb0626deb2d4045c912
0xbdaf3e422d2cfa10f34c59f7151dd31499a426b5,06/09/19 07:19,https://etherscan.io/tx/0x90893431b0d0cc1a67fc853955e7190a6d8da8356a875b59f381f2dbd005dbd8
0x8faff11fde21191e7fd50806dcbcdd49265d51a0,21/01/19 15:09,https://etherscan.io/tx/0x6115b7a669e777ec657489159ad86d937948176c466fb1fe3fd999e0ef05578d
0xdac17f958d2ee523a2206206994597c13d831ec7,28/12/18 17:50,https://etherscan.io/tx/0x313dfe7900935237e4f46d146756bfc476caf930ca66bf76201b11bf13e09100
0x00000000000000000000000000000000000001f2,28/12/18 17:44,https://etherscan.io/tx/0x9d634cb4fb53f73c68cb792bdadf3229d8304b1732d9e240ed2fce2c0f241f9d
0x00000000000000000000000000000000000018fe,28/12/18 17:44,https://etherscan.io/tx/0x6d61b4754ffd4801a856639407164cf34b756e773d0f62fb0afd660774bf6aa2
0x000000000000000000000000000000000000001a,28/12/18 17:43,https://etherscan.io/tx/0x708462df347dbe85b1f764b696773b32afe225d78740c055109e52c3af0931b6
0x0000000000000000000000000000000000000019,28/12/18 17:42,https://etherscan.io/tx/0x33bf8d9996bae754e5eb24931e38c74a072edeb3cffc90dbee71822533fd5eaa
0x0000000000000000000000000000000000000018,28/12/18 17:40,https://etherscan.io/tx/0xe66cbc64165b8ae47ebc936739c1b4047d96934496884001897bdb8cb5cb6d7f
0x0000000000000000000000000000000000000000,28/12/18 17:36,https://etherscan.io/tx/0x26e2265c66d7de39bdf0570a74118bbeec782ea11b10b9b075f3ef3866d70722
0x008fe40574e881e7247b50b991c0cc057d66647f,09/06/18 12:31,https://etherscan.io/tx/0x348a042dfedaf64400bf6660fe0ed523b373f172b7914985600d882ac09e0631
0x9faf5515f177f3a8a845d48c19032b33cc54c09c,28/11/17 16:39,https://etherscan.io/tx/0x17ce88e3e2417f6c13db93f619423cc4c5f51e89660587631dc34c823fac54a8
